t,arrival_idx,TEU,FEU,HC,REEF
0,0,2,0,0,2
0,1,1,0,0,0
0,2,0,0,1,0
0,3,1,1,0,0
0,4,2,0,0,0
0,5,0,0,1,0
1,0,1,0,0,0
1,1,3,0,2,1
1,2,1,0,1,0
1,3,2,2,0,0
1,4,2,1,0,1
1,5,1,0,0,0
1,6,0,1,1,1
1,7,1,0,1,0
2,0,1,2,0,0
2,1,1,0,0,0
2,2,0,1,1,0
2,3,0,0,1,0
2,4,0,3,1,0
2,5,0,1,0,1
2,6,1,2,1,0
2,7,0,1,0,0
2,8,1,1,1,0
2,9,2,0,0,1
2,10,0,0,1,0
3,0,0,0,1,0
3,1,0,0,1,0
3,2,3,0,0,0
3,3,0,1,2,0
3,4,0,1,0,1
4,0,2,0,0,0
4,1,1,2,2,0
4,2,1,0,0,0
4,3,0,1,0,0
4,4,1,0,1,0
4,5,1,0,0,0
4,6,0,2,0,0
4,7,0,1,0,0
4,8,1,1,0,0
4,9,2,0,0,0
4,10,1,0,0,1
4,11,1,3,0,0
5,0,2,0,1,0
5,1,0,1,0,1
5,2,1,0,2,0
5,3,0,1,0,0
5,4,0,0,3,0
5,5,1,1,1,0
5,6,0,0,0,2
5,7,0,1,0,0
5,8,1,0,0,0
5,9,1,0,0,0
5,10,7,2,0,0
5,11,4,2,0,0
5,12,0,1,2,0
6,0,0,0,1,0
6,1,2,0,0,0
6,2,1,0,0,0
6,3,1,0,1,0
6,4,0,2,1,0
6,5,4,0,0,0
6,6,4,0,0,0
6,7,0,3,0,1
6,8,1,0,0,0
6,9,1,0,2,0
6,10,1,2,1,0
6,11,0,0,0,1
7,0,3,1,0,0
7,1,1,0,1,0
7,2,0,0,1,0
7,3,1,1,0,1
7,4,2,0,0,0
7,5,0,0,0,1
7,6,0,0,1,0
7,7,0,0,1,0
7,8,2,1,0,0
7,9,0,1,1,0
7,10,0,1,1,0
7,11,3,2,0,0
8,0,0,0,2,0
8,1,1,0,0,0
8,2,2,1,2,0
8,3,3,1,0,0
8,4,0,1,0,0
8,5,1,0,0,1
8,6,1,0,0,0
8,7,2,0,0,0
8,8,1,0,1,0
8,9,1,0,1,0
8,10,3,0,0,0
8,11,0,1,1,1
8,12,1,0,0,0
8,13,1,0,0,0
9,0,2,0,0,0
9,1,1,0,1,0
9,2,0,2,1,0
9,3,1,1,1,0
9,4,3,1,0,0
9,5,2,1,0,0
9,6,0,1,0,0
9,7,0,1,0,0
10,0,1,0,0,0
10,1,2,2,0,0
10,2,1,0,2,0
10,3,1,0,1,0
10,4,1,0,0,0
10,5,1,0,0,0
10,6,0,0,1,0
10,7,2,0,2,1
10,8,0,2,0,0
10,9,2,2,0,0
10,10,0,0,1,0
10,11,0,0,1,2
10,12,0,1,0,0
10,13,0,1,0,0
10,14,2,2,0,0
10,15,1,0,0,0
11,0,0,2,0,0
11,1,6,0,0,0
11,2,1,2,1,1
11,3,0,0,0,1
11,4,0,0,1,1
11,5,2,1,0,0
11,6,2,1,1,0
11,7,2,0,0,0
11,8,0,0,0,1
11,9,0,0,1,0
11,10,0,3,0,0
11,11,1,0,0,0
11,12,3,1,1,0
12,0,1,3,0,0
12,1,1,0,0,0
12,2,0,1,0,1
12,3,2,0,1,0
12,4,1,0,0,0
12,5,1,1,0,0
12,6,0,0,0,1
12,7,0,0,1,0
12,8,1,2,0,1
12,9,4,0,0,0
13,0,1,0,0,2
13,1,0,0,1,0
13,2,1,2,0,1
13,3,3,1,0,0
13,4,0,1,3,1
13,5,0,0,1,0
13,6,1,0,0,0
13,7,1,1,1,0
13,8,2,1,1,1
13,9,0,0,1,0
13,10,1,0,0,0
13,11,0,1,0,0
13,12,2,0,0,0
13,13,0,3,1,0
14,0,3,0,0,1
14,1,1,0,1,0
14,2,2,1,0,0
14,3,0,1,0,0
14,4,0,2,0,0
14,5,1,0,0,0
14,6,2,0,0,0
14,7,1,0,0,0
14,8,4,1,0,0
14,9,1,1,0,0
14,10,0,0,2,0
15,0,3,1,0,0
15,1,1,0,0,0
15,2,3,0,1,1
15,3,0,0,1,1
15,4,0,0,0,1
15,5,1,0,0,0
15,6,0,1,0,0
15,7,2,3,1,1
15,8,1,1,0,0
15,9,0,1,0,0
15,10,0,0,1,0
15,11,2,1,1,0
15,12,3,4,1,0
15,13,1,1,0,0
15,14,0,0,0,3
15,15,1,0,1,1
15,16,1,0,0,0
16,0,3,0,0,0
16,1,0,1,0,0
16,2,1,1,0,0
16,3,1,0,0,0
16,4,0,0,0,1
16,5,0,1,2,0
16,6,2,0,0,0
16,7,2,0,0,0
16,8,1,0,1,0
16,9,0,0,1,0
17,0,0,2,0,2
17,1,1,0,0,0
17,2,1,0,0,0
17,3,0,0,0,1
17,4,0,1,0,0
17,5,1,2,2,1
17,6,3,2,2,0
17,7,3,0,0,0
17,8,1,1,0,0
18,0,1,2,1,0
18,1,1,1,0,1
18,2,1,0,2,0
18,3,2,1,0,0
18,4,2,0,0,0
18,5,1,0,0,0
18,6,2,1,0,0
18,7,3,0,0,0
18,8,2,0,0,0
19,0,5,0,0,1
19,1,0,1,1,0
19,2,0,0,1,0
19,3,1,0,0,0
19,4,1,0,1,1
19,5,0,1,1,0
19,6,1,3,1,0
19,7,0,0,1,0
19,8,3,1,3,0
19,9,0,0,0,1
19,10,2,1,1,0
19,11,0,1,0,0
19,12,0,1,0,0
19,13,0,1,0,1
19,14,1,0,0,0
20,0,1,1,0,0
20,1,1,0,0,0
20,2,2,0,0,0
20,3,0,0,2,0
21,0,1,0,1,0
21,1,1,0,1,0
21,2,2,0,0,0
21,3,2,0,0,0
21,4,1,2,1,0
21,5,0,0,0,1
22,0,0,1,0,0
22,1,0,1,0,1
22,2,1,1,0,0
22,3,1,1,0,0
22,4,0,3,1,2
22,5,0,0,2,0
22,6,2,1,1,0
22,7,1,0,1,0
22,8,0,0,1,0
22,9,4,1,0,0
22,10,4,0,0,0
22,11,2,0,0,0
22,12,0,1,1,1
22,13,3,0,0,1
23,0,1,0,0,0
23,1,4,1,0,0
23,2,1,1,0,0
23,3,1,1,1,0
23,4,1,1,0,0
23,5,0,0,0,1
23,6,1,0,0,0
23,7,4,0,0,0
23,8,2,0,0,0
24,0,2,0,0,0
24,1,1,0,0,0
24,2,0,1,3,0
24,3,2,1,0,0
24,4,2,1,0,0
24,5,2,0,1,0
24,6,2,0,1,0
24,7,2,0,1,0
24,8,0,2,0,0
24,9,1,0,0,0
24,10,3,1,1,0
24,11,1,0,0,0
24,12,0,0,0,1
24,13,3,0,0,0
24,14,1,0,0,0
25,0,1,2,0,1
25,1,1,1,0,0
25,2,0,1,0,1
25,3,0,0,1,0
25,4,4,1,0,0
25,5,1,0,1,0
25,6,1,1,0,0
25,7,1,0,1,0
25,8,0,0,1,0
25,9,1,1,3,0
25,10,1,0,0,0
25,11,1,0,1,0
26,0,0,0,0,1
26,1,1,0,0,0
26,2,1,0,0,0
26,3,0,0,1,0
26,4,0,1,0,0
26,5,1,0,0,1
26,6,1,2,0,0
26,7,0,0,1,0
26,8,1,0,0,0
26,9,2,1,0,0
26,10,1,0,1,0
26,11,2,1,0,0
26,12,1,0,0,0
26,13,1,0,0,0
26,14,1,0,0,0
26,15,0,1,0,0
27,0,2,0,1,0
27,1,1,1,0,0
27,2,1,0,0,2
27,3,0,0,2,0
27,4,0,0,0,1
27,5,2,0,0,0
27,6,1,0,0,0
27,7,1,1,0,1
27,8,0,1,0,0
27,9,3,1,0,0
27,10,2,0,0,0
27,11,3,0,0,1
27,12,1,0,0,0
28,0,3,1,0,0
28,1,1,0,0,0
28,2,1,1,0,0
28,3,0,0,1,0
28,4,0,1,0,0
28,5,1,2,0,0
28,6,0,0,0,1
28,7,1,2,1,0
28,8,0,0,0,1
28,9,2,2,0,1
28,10,0,1,1,0
28,11,0,1,0,0
29,0,1,1,1,0
29,1,1,1,1,0
29,2,3,3,0,1
29,3,1,0,0,0
29,4,2,2,0,0
29,5,0,2,2,0
29,6,4,2,1,0
29,7,1,0,1,0
29,8,1,1,0,0
29,9,0,0,1,0
29,10,0,0,1,0
29,11,1,2,1,0
29,12,2,0,1,0
29,13,1,0,1,1
29,14,4,0,0,0
30,0,0,1,0,0
30,1,0,1,1,0
30,2,0,0,0,1
30,3,0,1,1,0
30,4,1,1,1,2
30,5,1,0,0,0
30,6,0,0,0,1
30,7,2,1,1,0
30,8,1,0,1,1
31,0,2,1,0,0
31,1,0,0,0,1
31,2,0,0,1,0
31,3,3,0,0,0
31,4,0,3,1,0
31,5,1,0,0,1
31,6,1,0,0,0
31,7,2,2,1,0
31,8,3,0,1,1
31,9,4,0,0,0
32,0,3,1,0,0
32,1,0,1,1,0
32,2,1,1,1,0
32,3,3,1,0,1
32,4,2,0,0,0
32,5,2,0,0,0
32,6,1,1,0,0
32,7,2,1,0,1
32,8,1,0,0,0
32,9,0,0,0,1
32,10,0,0,1,0
32,11,1,1,0,1
32,12,2,0,0,0
33,0,1,0,0,0
33,1,1,0,0,1
33,2,1,0,0,0
33,3,1,0,0,1
33,4,2,1,1,0
33,5,3,1,1,0
33,6,1,3,1,0
33,7,1,0,1,2
33,8,0,1,0,1
33,9,0,1,0,0
33,10,2,0,0,0
34,0,0,0,1,0
34,1,1,0,0,0
34,2,1,0,0,1
34,3,2,0,0,0
34,4,0,1,0,0
34,5,2,0,1,0
34,6,2,1,3,0
34,7,4,0,0,0
34,8,3,2,0,0
35,0,1,0,0,0
35,1,0,2,0,0
35,2,1,1,0,0
35,3,0,2,0,1
35,4,0,1,1,0
35,5,1,0,1,1
35,6,3,1,0,0
35,7,1,0,1,0
36,0,1,0,1,1
36,1,1,1,0,0
36,2,2,1,0,1
36,3,1,1,0,0
36,4,2,0,0,0
36,5,0,0,1,0
36,6,2,2,0,0
36,7,2,0,0,0
36,8,0,1,0,0
36,9,2,1,0,0
37,0,3,0,0,1
37,1,1,1,0,0
37,2,2,4,1,1
37,3,3,1,0,0
37,4,0,0,1,2
37,5,3,1,0,1
38,0,1,0,0,0
38,1,3,1,1,0
38,2,1,1,0,0
38,3,0,1,0,0
38,4,0,0,1,0
38,5,0,1,0,0
38,6,5,1,1,0
38,7,0,1,1,0
39,0,1,0,0,0
39,1,1,0,0,0
39,2,0,0,1,0
39,3,3,3,0,1
39,4,2,2,0,0
39,5,1,0,0,0
39,6,2,0,0,0
39,7,2,0,0,0
39,8,1,0,0,0
39,9,0,1,0,0
39,10,0,1,1,0
40,0,1,1,0,0
40,1,2,2,1,1
40,2,0,0,1,1
40,3,1,1,0,1
40,4,1,1,0,0
40,5,1,2,0,0
40,6,0,1,0,0
40,7,0,0,1,0
40,8,0,0,0,1
40,9,2,0,1,1
40,10,1,0,1,0
40,11,1,2,0,1
40,12,1,0,1,0
40,13,1,0,0,0
40,14,1,0,0,0
41,0,1,0,0,0
41,1,0,2,2,0
41,2,0,1,1,0
41,3,0,1,0,0
41,4,0,1,0,0
41,5,3,0,0,0
41,6,1,0,1,0
41,7,0,1,0,0
41,8,2,0,1,0
41,9,3,1,0,0
42,0,2,3,0,0
42,1,0,0,0,1
42,2,0,0,1,0
42,3,1,0,0,0
42,4,2,0,0,0
42,5,2,0,1,1
42,6,2,0,0,0
42,7,2,3,1,0
42,8,0,3,1,0
42,9,1,0,1,0
43,0,2,0,0,0
43,1,1,2,0,0
43,2,1,0,0,0
43,3,2,0,0,0
43,4,2,3,1,1
43,5,0,0,1,0
43,6,2,0,1,0
43,7,0,1,0,0
43,8,2,0,0,0
44,0,1,0,0,0
44,1,2,2,0,0
44,2,3,1,0,0
44,3,1,1,0,1
44,4,0,1,0,0
44,5,0,0,1,0
44,6,1,0,0,0
44,7,0,1,0,0
44,8,1,2,0,0
44,9,0,1,0,0
44,10,0,0,0,1
44,11,1,1,1,0
45,0,0,0,0,1
45,1,3,1,2,1
45,2,2,0,1,2
45,3,2,1,1,0
45,4,2,1,0,0
45,5,0,0,0,1
45,6,1,1,1,0
45,7,3,1,0,0
45,8,1,1,0,0
45,9,1,0,1,0
45,10,1,0,0,0
45,11,2,0,1,0
45,12,0,0,0,1
45,13,0,0,1,0
46,0,0,0,2,0
46,1,3,1,0,1
46,2,0,1,0,0
46,3,0,0,1,1
46,4,2,0,0,0
46,5,0,0,2,0
46,6,2,1,0,0
46,7,0,2,1,0
46,8,0,1,0,0
46,9,1,0,0,0
46,10,1,0,1,0
47,0,2,0,1,0
47,1,0,1,0,0
47,2,0,2,0,0
47,3,0,1,0,1
47,4,0,2,0,0
47,5,0,1,1,0
47,6,1,2,0,1
48,0,0,1,0,0
48,1,1,0,1,0
48,2,3,0,0,2
48,3,1,1,0,0
48,4,1,0,0,0
48,5,2,0,1,0
48,6,0,0,0,1
48,7,3,0,1,0
48,8,2,1,2,0
48,9,1,0,1,0
48,10,0,1,1,0
49,0,1,0,1,0
49,1,1,2,0,0
49,2,1,0,0,0
49,3,0,1,0,0
49,4,2,1,0,1
49,5,1,0,0,0
49,6,1,2,0,0
49,7,1,1,0,0
49,8,2,0,1,0
49,9,0,0,1,0
49,10,1,0,0,0
50,0,1,2,1,0
50,1,3,1,0,0
50,2,1,1,0,1
50,3,1,0,0,0
50,4,0,0,1,0
50,5,0,0,1,0
50,6,2,2,1,0
50,7,1,1,0,0
51,0,1,2,0,0
51,1,2,1,0,0
51,2,4,0,0,0
51,3,0,0,1,0
51,4,1,0,0,0
51,5,1,0,0,0
51,6,1,0,0,0
51,7,1,0,0,0
51,8,0,1,1,0
52,0,0,0,0,1
52,1,1,0,0,0
52,2,0,0,0,1
52,3,0,1,0,0
52,4,1,0,0,1
52,5,2,2,0,1
52,6,1,2,0,0
52,7,2,0,0,1
52,8,0,1,0,0
52,9,1,1,1,0
52,10,2,1,0,0
52,11,2,0,1,0
52,12,3,0,0,0
52,13,1,3,0,0
53,0,0,0,0,1
53,1,2,1,0,0
53,2,1,2,1,0
53,3,0,1,1,0
53,4,2,1,1,0
53,5,1,0,0,1
53,6,0,0,0,1
53,7,0,0,2,0
54,0,3,0,1,0
54,1,2,0,0,0
54,2,2,0,0,0
54,3,0,0,0,1
54,4,2,1,1,2
54,5,0,0,1,0
54,6,2,1,0,0
54,7,1,0,0,0
54,8,1,0,0,0
54,9,3,1,0,0
54,10,0,1,0,0
55,0,1,0,0,0
55,1,1,2,0,1
55,2,0,1,1,0
55,3,2,0,0,0
55,4,1,0,0,0
55,5,2,0,0,1
55,6,2,0,0,0
55,7,1,0,0,0
55,8,0,0,2,0
56,0,2,0,1,0
56,1,2,0,0,1
56,2,2,0,1,0
56,3,2,1,0,0
56,4,4,0,0,0
56,5,2,1,1,0
56,6,3,1,1,1
56,7,4,1,0,0
56,8,3,1,0,0
56,9,0,0,1,0
56,10,1,0,2,0
56,11,1,1,1,0
57,0,3,1,0,0
57,1,0,2,0,0
57,2,3,0,0,0
57,3,0,1,2,0
58,0,1,1,0,0
58,1,2,0,0,0
58,2,0,2,0,0
58,3,2,0,0,0
58,4,0,3,0,0
58,5,1,0,1,0
58,6,0,1,0,0
58,7,1,2,1,0
58,8,1,0,0,0
58,9,1,2,1,1
58,10,2,0,1,0
59,0,0,0,0,1
59,1,2,1,0,1
59,2,3,2,1,0
59,3,3,2,1,0
59,4,1,0,0,0
59,5,3,0,0,0
59,6,1,1,0,0
60,0,0,1,0,1
60,1,2,0,0,1
60,2,0,1,0,0
60,3,0,2,0,0
60,4,2,0,0,1
60,5,3,0,0,0
60,6,1,0,0,1
60,7,0,1,0,0
60,8,1,1,0,0
60,9,0,1,0,0
60,10,0,1,0,0
60,11,1,0,0,0
61,0,1,2,0,1
61,1,2,2,0,0
61,2,1,0,1,0
61,3,2,1,2,0
61,4,3,0,0,1
61,5,1,1,0,0
61,6,1,1,1,0
61,7,0,1,0,0
61,8,1,0,1,0
61,9,0,1,1,1
61,10,2,0,0,0
62,0,2,1,0,0
62,1,1,1,0,0
62,2,2,0,0,0
62,3,1,0,1,0
62,4,0,0,2,1
62,5,0,2,0,0
62,6,2,1,0,0
62,7,1,0,0,0
62,8,1,0,0,0
62,9,0,0,0,1
62,10,1,1,0,0
62,11,2,1,0,0
62,12,0,0,1,0
62,13,3,1,0,0
62,14,0,1,1,1
63,0,1,1,3,0
63,1,1,0,0,0
63,2,2,1,0,0
63,3,0,0,0,1
63,4,0,1,0,0
63,5,0,1,0,0
63,6,3,0,0,0
63,7,2,2,0,0
64,0,4,0,0,1
64,1,2,2,0,0
64,2,3,1,0,0
64,3,1,1,1,0
65,0,2,0,0,2
65,1,1,0,1,2
65,2,2,0,0,0
65,3,1,1,0,0
65,4,0,0,1,0
65,5,3,0,0,0
65,6,1,1,1,0
65,7,3,0,0,0
66,0,1,1,0,0
66,1,0,1,1,0
66,2,2,1,1,0
66,3,2,0,2,1
66,4,1,2,1,1
66,5,1,4,1,0
66,6,2,0,0,0
66,7,0,1,0,0
67,0,3,1,0,0
67,1,0,2,1,0
67,2,0,3,0,0
67,3,1,1,1,0
67,4,1,0,0,0
67,5,0,1,1,0
67,6,1,0,0,0
67,7,2,1,0,0
67,8,1,0,0,0
68,0,3,3,0,0
68,1,0,0,2,1
68,2,1,0,0,0
68,3,3,0,2,0
68,4,1,1,0,0
68,5,0,0,2,0
68,6,1,0,0,0
68,7,2,0,1,0
68,8,1,0,1,0
69,0,1,0,0,0
69,1,0,1,0,0
69,2,0,1,0,0
69,3,1,0,1,0
69,4,1,0,0,0
69,5,0,1,0,1
69,6,1,1,1,0
70,0,4,0,2,0
70,1,2,0,0,0
70,2,0,0,1,0
70,3,0,1,0,0
70,4,0,0,1,0
70,5,1,0,0,0
71,0,3,3,0,0
71,1,1,1,0,0
71,2,3,2,1,0
71,3,3,0,0,2
71,4,4,2,0,0
71,5,3,0,0,0
71,6,1,0,0,0
71,7,1,0,1,0
71,8,1,1,0,0
71,9,1,1,1,0
71,10,2,0,1,0
72,0,0,0,1,0
72,1,2,2,0,0
72,2,1,0,0,1
72,3,0,1,0,0
72,4,0,0,1,0
72,5,2,0,0,0
73,0,2,1,1,1
73,1,2,0,0,0
73,2,0,0,1,0
73,3,1,0,0,1
73,4,0,0,1,0
73,5,1,1,1,1
73,6,0,1,0,0
73,7,4,1,0,0
73,8,1,1,0,1
73,9,1,1,0,0
73,10,3,0,0,0
73,11,3,0,0,1
73,12,2,0,1,1
73,13,2,0,1,0
73,14,1,0,1,0
73,15,1,0,0,0
73,16,1,2,0,0
74,0,4,0,0,0
74,1,2,1,1,0
74,2,0,0,0,1
74,3,2,0,0,1
74,4,0,0,1,0
74,5,1,0,0,0
74,6,3,0,0,0
75,0,1,0,0,0
75,1,0,0,1,0
75,2,3,0,1,0
75,3,1,0,0,1
75,4,0,1,0,0
75,5,2,1,1,0
75,6,0,0,1,0
75,7,2,2,1,0
75,8,2,1,0,0
75,9,0,0,0,1
75,10,0,0,0,1
75,11,1,0,0,0
75,12,1,1,0,0
75,13,1,0,0,1
75,14,2,1,1,0
75,15,1,1,0,1
76,0,1,0,1,0
76,1,1,0,0,0
76,2,1,1,0,0
76,3,1,0,1,0
76,4,0,0,0,1
76,5,1,0,1,0
76,6,2,0,3,0
76,7,0,0,1,0
76,8,4,0,0,2
76,9,2,0,0,0
76,10,1,0,0,0
76,11,0,0,0,1
76,12,2,0,1,0
76,13,1,0,0,0
76,14,0,1,0,0
77,0,2,2,0,1
77,1,1,1,0,2
77,2,2,2,0,0
77,3,2,0,0,0
77,4,0,1,0,0
77,5,1,1,0,0
77,6,1,0,0,0
77,7,1,2,2,0
78,0,0,1,0,0
78,1,0,1,0,0
78,2,0,2,1,0
78,3,1,0,0,0
78,4,2,0,0,1
78,5,3,0,0,0
78,6,1,0,0,0
78,7,1,0,0,0
78,8,2,1,1,0
78,9,0,1,0,0
79,0,4,0,0,0
79,1,1,1,0,1
79,2,2,2,0,0
79,3,0,1,0,0
79,4,1,0,0,0
79,5,1,1,2,1
79,6,0,1,0,0
79,7,0,0,1,0
79,8,1,1,0,1
79,9,0,0,0,1
79,10,0,0,1,0
80,0,2,0,0,0
80,1,1,0,0,0
80,2,2,0,0,0
80,3,0,0,0,2
80,4,2,1,0,0
80,5,1,1,0,0
80,6,1,0,3,1
80,7,2,1,1,0
80,8,0,0,1,0
80,9,1,0,0,0
80,10,1,0,1,0
81,0,0,0,1,0
81,1,1,0,0,1
81,2,0,0,3,1
81,3,0,1,0,0
81,4,0,0,0,1
81,5,0,1,0,0
81,6,0,1,0,0
81,7,1,2,0,0
81,8,1,0,0,0
82,0,1,0,0,0
82,1,3,1,0,0
82,2,1,0,0,0
82,3,0,2,1,0
82,4,1,2,0,1
82,5,0,3,0,0
82,6,1,0,0,1
82,7,1,1,0,0
82,8,0,1,0,0
82,9,3,1,0,0
82,10,1,0,1,0
82,11,2,0,0,0
82,12,0,0,0,1
83,0,0,1,0,0
83,1,0,1,0,0
83,2,0,1,1,1
83,3,2,2,1,0
83,4,3,2,0,0
83,5,2,0,0,1
83,6,1,0,0,1
83,7,2,3,0,0
83,8,3,0,0,0
84,0,4,0,0,1
84,1,0,0,0,1
84,2,1,1,0,0
84,3,0,0,1,0
84,4,0,1,1,0
84,5,3,0,0,1
84,6,0,2,1,0
85,0,1,0,0,0
85,1,1,0,1,0
85,2,0,3,1,0
85,3,2,0,1,0
85,4,0,1,0,0
85,5,0,1,2,0
86,0,0,2,1,0
86,1,1,1,0,0
86,2,1,3,0,1
86,3,0,1,1,0
86,4,2,2,1,0
86,5,1,0,0,0
86,6,0,1,1,0
87,0,3,0,0,1
87,1,1,1,0,0
87,2,0,0,1,0
87,3,1,2,1,0
87,4,1,0,0,0
87,5,2,0,0,0
87,6,1,1,0,0
87,7,1,0,0,0
88,0,1,0,1,0
88,1,1,0,0,0
88,2,1,2,1,0
88,3,0,1,0,0
88,4,0,0,0,1
88,5,2,0,1,0
88,6,0,0,0,1
88,7,0,0,1,0
89,0,2,0,0,0
89,1,1,0,0,0
89,2,2,0,1,1
89,3,1,0,0,0
89,4,1,1,0,0
89,5,2,0,0,0
89,6,2,0,0,0
89,7,1,0,0,0
90,0,1,0,0,1
90,1,1,0,1,0
90,2,1,1,0,1
90,3,1,1,0,0
90,4,0,1,1,0
90,5,0,2,0,1
90,6,0,0,1,0
90,7,1,1,0,0
91,0,0,3,1,0
91,1,1,1,0,0
91,2,1,0,0,0
91,3,2,1,2,0
91,4,2,1,1,0
91,5,0,1,0,0
91,6,1,0,0,0
91,7,1,1,1,0
92,0,0,0,0,1
92,1,2,0,0,0
92,2,2,1,1,1
92,3,2,1,1,0
92,4,1,0,0,0
92,5,2,0,1,1
92,6,5,2,1,1
93,0,1,0,0,0
93,1,2,1,0,0
93,2,1,0,0,0
93,3,1,3,1,0
93,4,1,1,1,1
93,5,1,1,0,0
93,6,1,1,0,0
93,7,2,1,0,1
93,8,1,2,0,0
93,9,1,1,0,0
93,10,0,1,0,0
94,0,0,2,0,0
94,1,0,2,0,0
94,2,0,0,0,1
94,3,1,4,3,0
94,4,1,1,0,0
94,5,2,0,0,1
94,6,2,0,0,0
94,7,3,0,0,0
95,0,1,0,2,0
95,1,4,0,0,0
95,2,3,1,0,1
95,3,0,1,0,0
95,4,0,1,0,0
95,5,0,1,2,0
95,6,1,0,1,0
95,7,0,1,0,0
95,8,0,0,0,2
95,9,0,2,1,0
95,10,1,0,1,0
96,0,2,1,0,0
96,1,0,1,1,0
96,2,2,1,0,0
96,3,0,2,0,1
96,4,1,2,0,0
96,5,0,1,0,0
96,6,0,0,1,1
96,7,1,2,1,0
96,8,1,0,0,0
96,9,0,0,0,1
96,10,2,0,0,0
97,0,1,0,0,1
97,1,1,0,0,0
97,2,3,3,0,0
97,3,1,1,0,1
97,4,2,0,0,0
97,5,1,0,1,1
97,6,0,1,1,0
97,7,1,1,1,0
98,0,4,1,0,0
98,1,1,0,0,0
98,2,2,0,1,0
98,3,3,1,0,0
98,4,1,0,0,0
98,5,1,0,1,0
98,6,0,0,1,0
98,7,1,0,2,0
99,0,1,1,0,0
99,1,0,1,1,0
99,2,1,0,0,1
99,3,1,1,2,0
99,4,2,0,1,1
99,5,0,0,0,1
99,6,1,0,0,1
99,7,0,2,0,0
99,8,1,3,0,1
99,9,1,0,1,0
100,0,0,1,1,0
100,1,2,1,1,0
100,2,1,1,0,0
100,3,0,1,0,0
101,0,1,0,0,0
101,1,0,1,0,0
101,2,2,1,1,0
101,3,2,0,0,0
101,4,1,1,0,0
101,5,1,0,0,0
101,6,0,1,0,0
101,7,1,0,2,0
101,8,3,2,0,0
101,9,0,1,0,1
101,10,0,1,0,0
102,0,0,0,0,1
102,1,0,1,0,0
102,2,3,1,0,2
102,3,0,1,1,0
102,4,1,0,0,0
102,5,1,0,0,0
102,6,2,0,0,0
102,7,0,0,0,1
102,8,1,0,0,0
103,0,3,0,0,0
103,1,1,1,1,0
103,2,2,0,1,0
103,3,0,1,2,0
103,4,1,4,0,1
103,5,1,2,0,1
103,6,2,1,0,0
103,7,0,0,1,1
104,0,1,0,1,0
104,1,2,1,1,1
104,2,1,1,2,0
104,3,1,1,0,0
104,4,1,1,2,1
104,5,4,1,0,1
104,6,1,1,0,0
104,7,0,0,1,0
104,8,1,0,0,0
104,9,1,1,1,0
104,10,2,2,0,0
105,0,2,1,0,0
105,1,2,0,0,0
105,2,1,2,0,1
105,3,2,0,0,0
105,4,1,1,2,0
105,5,2,0,1,1
105,6,1,0,0,0
105,7,0,0,1,0
105,8,1,1,0,0
105,9,0,1,1,0
105,10,0,1,2,0
105,11,4,0,1,1
106,0,1,0,0,0
106,1,2,0,0,0
106,2,1,0,0,0
106,3,1,1,0,0
106,4,1,1,0,1
106,5,2,1,2,0
106,6,3,1,0,0
106,7,3,2,0,0
106,8,2,0,0,2
106,9,1,2,0,0
106,10,1,0,0,0
106,11,1,2,0,0
106,12,2,0,2,0
106,13,3,0,1,0
106,14,0,2,0,0
107,0,0,0,1,1
107,1,1,0,0,0
107,2,2,0,0,0
107,3,0,0,0,1
107,4,0,1,0,0
107,5,0,1,0,0
107,6,0,1,1,1
107,7,1,4,0,0
107,8,3,0,0,0
107,9,1,0,1,1
108,0,1,1,0,0
108,1,1,0,1,1
108,2,3,1,1,0
108,3,0,1,1,1
108,4,0,0,0,1
108,5,1,3,0,0
108,6,1,1,1,1
108,7,0,1,1,0
109,0,0,1,0,0
109,1,0,1,0,0
109,2,1,0,0,1
109,3,3,1,1,0
109,4,5,2,0,0
109,5,0,1,0,0
109,6,1,4,3,0
109,7,2,0,1,0
109,8,1,0,0,0
109,9,2,2,0,0
110,0,0,1,0,0
110,1,1,1,0,0
110,2,1,1,0,0
110,3,1,0,0,0
110,4,0,2,0,2
110,5,1,0,1,0
110,6,0,0,0,1
110,7,6,2,1,0
111,0,2,0,0,0
111,1,2,0,0,0
111,2,2,1,1,0
111,3,0,1,1,0
111,4,1,0,1,0
111,5,2,1,0,1
111,6,2,0,1,0
111,7,2,0,1,0
111,8,2,1,0,1
112,0,0,0,2,0
112,1,1,2,0,3
112,2,4,0,0,0
112,3,2,0,0,0
112,4,3,1,0,0
112,5,1,1,1,0
112,6,1,0,0,0
112,7,1,0,0,0
112,8,0,1,0,0
112,9,0,2,0,0
113,0,2,0,0,0
113,1,0,1,0,0
113,2,3,1,0,0
113,3,2,2,0,0
113,4,1,1,0,0
113,5,1,1,1,0
113,6,0,1,2,0
113,7,0,2,0,0
113,8,2,1,0,0
113,9,0,1,0,0
113,10,4,0,0,0
113,11,1,0,0,0
113,12,2,0,0,0
114,0,2,0,1,1
114,1,2,2,1,1
114,2,1,0,1,0
114,3,2,0,3,0
114,4,1,0,0,0
114,5,0,0,0,1
115,0,0,1,1,0
115,1,3,1,0,1
115,2,1,0,0,0
115,3,1,0,0,0
115,4,0,1,0,0
115,5,0,2,1,0
115,6,0,1,1,0
115,7,0,0,1,0
115,8,2,1,0,0
115,9,3,0,0,0
115,10,3,0,0,0
115,11,1,0,0,0
115,12,2,1,1,0
115,13,0,1,0,0
115,14,0,0,0,1
115,15,0,2,0,1
115,16,1,1,0,0
115,17,1,0,0,0
116,0,0,0,1,0
116,1,4,0,0,1
116,2,1,1,1,0
116,3,2,0,0,0
116,4,0,0,1,0
116,5,1,1,1,0
116,6,0,0,0,1
116,7,1,1,0,0
116,8,0,1,0,0
116,9,0,1,0,0
116,10,3,0,0,0
116,11,1,0,1,0
117,0,2,0,0,0
117,1,0,0,0,1
117,2,2,3,0,0
117,3,3,1,0,0
117,4,0,0,0,1
117,5,1,1,0,1
117,6,1,0,0,0
117,7,0,3,0,0
117,8,0,1,0,0
117,9,3,1,0,0
117,10,0,0,1,0
117,11,1,0,2,0
117,12,0,1,0,0
117,13,1,1,0,0
117,14,0,0,1,0
117,15,2,0,0,0
118,0,4,0,0,0
118,1,2,0,0,0
118,2,3,1,0,0
118,3,2,0,1,0
118,4,3,1,1,1
118,5,2,0,0,0
118,6,1,1,0,2
118,7,1,0,0,0
118,8,2,0,0,1
118,9,4,3,1,0
118,10,3,0,0,1
119,0,2,2,1,0
119,1,1,0,0,0
119,2,2,0,0,0
119,3,1,0,0,0
119,4,2,1,0,0
119,5,1,0,0,0
119,6,3,2,0,0
119,7,1,0,0,0
120,0,0,1,1,1
120,1,0,3,0,0
120,2,4,1,1,0
120,3,2,0,1,0
120,4,1,0,3,1
120,5,0,0,1,0
120,6,1,0,0,0
120,7,3,0,2,0
120,8,2,0,1,0
120,9,0,0,1,0
121,0,1,1,1,0
121,1,1,2,0,0
121,2,0,1,0,0
121,3,1,0,0,0
121,4,1,1,0,0
121,5,0,0,1,0
121,6,1,1,0,2
121,7,1,1,0,0
121,8,1,2,1,0
121,9,1,1,1,0
121,10,1,0,0,0
121,11,1,0,0,0
121,12,1,0,0,0
121,13,0,2,1,0
121,14,1,0,0,0
121,15,0,0,0,1
122,0,2,0,0,0
122,1,1,0,1,0
122,2,1,3,0,0
122,3,2,1,1,0
122,4,1,0,0,0
122,5,2,0,0,0
122,6,0,1,0,0
122,7,2,2,0,0
122,8,1,1,0,0
122,9,2,0,2,0
123,0,0,1,0,1
123,1,1,0,0,0
123,2,0,0,1,0
123,3,1,0,0,1
123,4,1,0,0,0
123,5,0,1,0,0
123,6,1,0,0,2
123,7,1,0,0,0
123,8,3,1,0,0
124,0,4,0,1,0
124,1,0,2,0,0
124,2,1,1,0,0
125,0,0,1,0,0
125,1,0,2,0,0
125,2,0,0,1,0
125,3,3,0,0,0
125,4,0,0,1,0
125,5,0,1,1,0
125,6,2,0,0,0
125,7,0,1,0,0
125,8,0,1,0,0
125,9,0,1,2,0
125,10,3,2,0,0
125,11,3,0,0,0
125,12,4,0,0,0
125,13,0,2,0,1
126,0,3,0,0,0
126,1,3,0,0,0
126,2,1,0,1,0
126,3,1,0,1,0
126,4,2,0,0,1
126,5,1,2,0,0
126,6,3,0,0,1
126,7,2,0,0,0
126,8,2,1,0,0
126,9,1,1,1,0
126,10,2,1,0,1
126,11,2,1,1,0
126,12,0,0,1,0
126,13,3,0,0,0
126,14,0,1,0,0
127,0,1,0,0,0
127,1,1,0,0,1
127,2,0,0,0,1
127,3,0,0,1,0
127,4,0,0,1,0
127,5,1,0,0,1
127,6,4,1,0,0
127,7,1,2,0,0
127,8,1,0,0,0
127,9,0,1,0,1
127,10,2,0,0,0
127,11,2,2,0,1
128,0,1,0,0,0
128,1,2,1,1,0
128,2,2,0,1,0
128,3,3,1,0,0
128,4,2,0,0,0
128,5,3,1,0,0
128,6,1,1,0,0
128,7,1,0,0,0
128,8,3,1,0,0
128,9,0,3,0,0
129,0,1,2,0,0
129,1,1,0,0,0
129,2,2,0,1,0
129,3,2,0,0,0
129,4,0,0,1,0
129,5,0,0,1,0
129,6,1,0,0,0
129,7,1,2,1,2
129,8,0,2,0,1
129,9,3,1,0,0
129,10,1,1,0,0
129,11,3,1,0,0
129,12,4,0,0,0
129,13,1,1,1,0
130,0,1,0,0,0
130,1,0,1,0,0
130,2,0,0,1,0
130,3,1,1,1,0
130,4,1,0,0,0
130,5,1,0,0,0
130,6,2,0,1,0
130,7,3,3,0,0
131,0,1,0,0,0
131,1,1,1,0,0
131,2,0,1,0,0
131,3,1,0,0,0
131,4,2,0,0,1
131,5,2,1,1,1
131,6,2,3,0,0
131,7,1,0,1,1
132,0,0,1,0,0
132,1,1,1,1,0
132,2,1,1,0,1
132,3,1,0,0,0
132,4,1,2,1,0
132,5,1,2,0,0
132,6,0,1,0,0
132,7,2,1,1,0
132,8,2,1,0,1
132,9,1,1,1,0
132,10,1,0,0,0
132,11,2,0,1,0
132,12,1,1,0,0
132,13,2,0,1,0
132,14,0,1,0,0
132,15,1,1,1,1
132,16,0,0,1,0
132,17,2,0,2,1
133,0,4,0,1,0
133,1,2,3,0,0
133,2,1,0,1,0
133,3,3,0,2,0
133,4,1,3,1,0
133,5,2,0,0,0
133,6,0,0,1,0
134,0,1,1,1,1
134,1,2,2,1,0
134,2,0,0,1,1
134,3,2,0,0,0
134,4,3,1,1,0
134,5,0,1,1,0
135,0,1,0,0,1
135,1,1,0,0,0
135,2,1,0,0,0
135,3,1,1,1,0
135,4,3,1,0,0
135,5,1,1,0,0
135,6,0,0,1,0
135,7,1,1,0,0
135,8,0,0,1,0
135,9,0,0,0,1
135,10,2,1,2,0
135,11,1,0,0,0
135,12,1,1,1,0
136,0,0,0,1,0
136,1,2,0,0,1
136,2,2,0,0,1
136,3,2,1,0,0
136,4,1,1,1,1
136,5,1,0,1,0
136,6,1,2,1,0
136,7,3,1,1,0
137,0,3,0,0,0
137,1,1,1,0,0
137,2,3,2,0,0
137,3,2,0,0,0
137,4,2,2,0,0
137,5,2,2,0,0
137,6,2,1,0,1
137,7,2,0,0,0
137,8,2,0,0,0
137,9,1,0,0,0
137,10,1,0,0,0
137,11,0,0,2,0
137,12,1,0,0,0
138,0,1,0,1,0
138,1,3,1,0,0
138,2,1,0,0,0
138,3,2,0,1,0
138,4,0,1,0,0
139,0,1,0,1,0
139,1,1,0,1,1
139,2,0,0,1,0
139,3,1,0,0,0
139,4,3,0,0,0
139,5,0,1,0,0
139,6,1,1,0,0
140,0,2,2,0,1
140,1,1,0,0,0
140,2,3,0,0,0
140,3,1,2,2,0
140,4,1,1,0,0
140,5,3,0,0,0
140,6,1,1,0,0
140,7,2,0,0,0
140,8,2,1,0,0
140,9,2,1,0,0
141,0,2,0,1,1
141,1,3,1,0,0
141,2,0,1,1,0
141,3,6,0,2,1
141,4,0,2,0,0
141,5,3,1,0,0
141,6,2,0,0,0
142,0,0,1,1,0
142,1,0,0,1,2
142,2,0,1,2,1
142,3,1,2,0,0
142,4,2,1,0,1
142,5,1,0,0,0
142,6,2,0,0,1
142,7,1,1,2,0
142,8,3,0,0,0
142,9,1,1,0,0
142,10,2,0,0,0
142,11,1,1,0,0
142,12,0,1,2,0
142,13,0,0,1,0
142,14,1,2,0,1
142,15,1,0,2,0
142,16,0,0,1,0
143,0,0,0,1,0
143,1,2,0,0,0
143,2,1,0,2,0
143,3,0,1,0,0
143,4,2,0,1,0
143,5,1,2,1,0
144,0,2,0,0,0
144,1,1,1,0,0
144,2,0,1,1,0
144,3,3,0,0,0
144,4,0,1,1,0
144,5,0,0,1,0
144,6,0,1,2,0
144,7,1,2,1,0
144,8,2,2,1,0
144,9,0,1,0,1
144,10,2,1,0,0
145,0,1,1,0,1
145,1,2,0,3,0
145,2,1,0,0,0
145,3,1,0,0,0
145,4,2,0,1,0
145,5,0,2,0,0
145,6,1,0,0,1
145,7,0,1,0,0
145,8,1,0,0,0
145,9,0,1,0,0
146,0,3,0,0,0
146,1,2,1,1,0
146,2,0,3,0,1
146,3,1,0,1,1
146,4,3,0,1,0
146,5,1,0,0,0
146,6,2,0,1,0
147,0,1,0,0,0
147,1,1,0,0,0
147,2,1,0,0,0
147,3,2,0,0,0
147,4,1,0,2,0
147,5,0,0,1,0
147,6,3,0,1,2
147,7,3,0,0,1
147,8,2,2,1,0
147,9,1,0,1,1
147,10,3,0,1,0
147,11,3,0,0,1
147,12,0,1,0,0
148,0,1,0,0,1
148,1,1,1,0,2
148,2,1,0,1,0
148,3,1,1,0,0
148,4,1,1,1,0
148,5,0,0,1,0
148,6,1,0,0,0
148,7,0,0,0,1
148,8,0,0,0,1
148,9,0,1,1,0
148,10,2,1,0,0
148,11,1,0,0,0
149,0,2,1,1,0
149,1,2,3,2,0
149,2,0,1,0,0
149,3,2,0,1,0
149,4,3,0,1,0
149,5,0,1,0,0
150,0,0,0,1,1
150,1,0,1,0,0
150,2,1,0,0,0
150,3,0,0,1,0
150,4,1,0,0,0
150,5,1,0,0,0
150,6,0,1,1,0
150,7,0,1,0,0
150,8,1,1,0,0
150,9,2,0,0,0
151,0,0,0,0,1
151,1,3,0,1,0
151,2,0,4,0,0
151,3,2,2,0,0
151,4,0,1,0,0
151,5,2,0,1,0
151,6,2,2,1,0
151,7,1,2,1,1
151,8,0,1,0,1
152,0,2,1,0,0
152,1,2,1,2,0
152,2,1,0,0,0
152,3,0,0,0,1
152,4,0,0,0,1
152,5,0,0,0,1
152,6,2,0,0,0
152,7,3,1,0,0
153,0,4,1,1,2
153,1,0,0,0,1
153,2,2,0,0,0
153,3,2,0,0,2
153,4,1,0,1,0
153,5,0,0,1,0
153,6,1,2,1,0
153,7,1,0,0,0
153,8,2,0,0,0
153,9,1,0,0,0
153,10,1,1,0,0
153,11,1,2,1,0
153,12,3,1,0,1
153,13,2,0,1,0
153,14,1,0,1,0
153,15,1,0,0,0
153,16,0,0,0,1
154,0,4,0,0,0
154,1,2,0,0,0
154,2,1,1,0,0
155,0,1,2,1,0
155,1,0,1,0,0
155,2,4,0,0,0
155,3,0,1,1,0
155,4,3,3,0,0
155,5,0,0,0,1
155,6,0,3,0,0
155,7,1,0,0,0
155,8,3,1,1,0
155,9,1,1,1,0
156,0,0,2,0,0
156,1,1,0,1,0
156,2,2,1,0,1
156,3,0,3,1,1
156,4,0,1,0,0
156,5,1,0,2,1
157,0,2,0,0,0
157,1,0,1,0,1
157,2,0,1,1,0
157,3,0,0,1,0
157,4,2,0,1,0
157,5,1,0,0,0
157,6,0,2,0,0
157,7,1,0,0,0
157,8,1,1,0,0
157,9,1,0,0,0
157,10,2,1,1,1
157,11,3,0,0,1
157,12,0,2,2,0
157,13,2,1,0,0
158,0,1,1,0,0
158,1,0,0,0,1
158,2,1,0,0,0
158,3,3,0,0,0
158,4,0,0,2,0
158,5,2,2,1,1
158,6,2,1,0,0
158,7,1,0,1,0
158,8,2,1,1,0
158,9,2,0,0,0
158,10,2,1,1,0
158,11,0,1,0,0
158,12,1,2,1,0
158,13,0,1,0,0
158,14,2,1,0,0
158,15,2,2,0,0
158,16,2,1,1,0
159,0,1,0,0,0
159,1,0,0,1,0
159,2,1,1,0,0
159,3,1,0,2,0
159,4,0,0,1,0
159,5,5,1,1,0
159,6,1,0,0,0
159,7,0,2,1,0
159,8,1,2,0,0
159,9,1,0,0,0
159,10,1,1,1,0
159,11,2,0,0,0
159,12,2,0,0,0
160,0,0,1,0,0
160,1,1,0,0,1
160,2,1,0,1,0
160,3,2,2,0,1
160,4,2,0,0,0
160,5,3,0,1,0
160,6,1,0,1,0
160,7,0,3,0,1
160,8,1,2,0,0
160,9,1,0,0,1
160,10,1,1,0,0
160,11,2,0,1,1
160,12,1,0,0,0
160,13,3,0,0,1
161,0,3,0,1,0
161,1,1,1,0,0
161,2,3,0,3,1
161,3,1,1,0,0
161,4,1,0,1,0
161,5,2,1,0,0
161,6,1,1,0,0
161,7,4,0,0,0
161,8,1,0,0,0
161,9,1,1,0,0
161,10,0,0,0,1
162,0,1,0,1,0
162,1,1,0,2,0
162,2,0,0,1,0
162,3,3,1,0,0
162,4,2,0,0,0
162,5,0,1,1,0
162,6,0,0,0,1
162,7,1,1,0,0
162,8,0,1,0,0
162,9,1,1,0,0
162,10,1,0,0,0
162,11,2,0,0,0
162,12,2,1,0,1
162,13,0,2,2,0
162,14,1,2,1,1
162,15,1,0,1,0
163,0,0,1,1,0
163,1,0,1,0,0
163,2,2,0,0,1
163,3,2,0,1,1
163,4,1,0,0,0
163,5,0,1,0,0
163,6,0,0,1,0
163,7,0,1,0,0
163,8,2,1,1,0
163,9,0,0,1,0
164,0,1,0,0,0
164,1,0,1,1,0
164,2,0,0,1,0
164,3,2,2,0,0
164,4,1,1,0,0
164,5,0,1,0,0
164,6,0,0,0,1
164,7,3,0,0,0
164,8,2,2,0,0
164,9,0,1,0,0
165,0,2,0,0,0
165,1,1,0,1,0
165,2,1,0,0,0
165,3,2,0,0,0
165,4,2,0,1,0
165,5,2,0,1,0
165,6,1,0,0,0
165,7,1,0,0,1
165,8,3,0,0,0
165,9,1,0,0,0
165,10,3,1,4,1
165,11,0,1,0,0
165,12,2,0,0,0
166,0,1,0,0,0
166,1,2,1,0,0
166,2,0,1,1,0
166,3,0,0,0,1
166,4,1,3,0,0
166,5,1,0,0,0
166,6,5,0,1,1
166,7,0,0,1,0
166,8,2,0,0,0
166,9,3,0,2,0
166,10,0,0,0,1
166,11,1,0,4,0
166,12,2,1,1,0
166,13,1,2,0,0
166,14,0,1,1,0
167,0,0,1,0,0
167,1,2,2,0,1
167,2,2,0,0,1
167,3,0,0,0,1
167,4,4,3,0,0
167,5,1,0,0,0
167,6,0,0,1,0
167,7,1,0,0,0
167,8,1,0,0,0
167,9,0,0,2,1
167,10,0,1,0,2
167,11,0,0,0,1
168,0,1,3,0,0
168,1,3,1,0,0
168,2,4,1,0,0
168,3,1,0,3,0
168,4,1,0,2,0
168,5,1,0,2,0
168,6,2,0,1,1
168,7,1,0,0,0
168,8,2,0,1,0
168,9,0,0,1,0
169,0,3,0,0,0
169,1,2,0,1,0
169,2,0,1,0,0
169,3,3,0,0,0
169,4,2,0,1,0
169,5,3,0,1,0
169,6,1,1,1,0
169,7,0,1,1,0
169,8,0,0,0,1
169,9,2,0,0,0
169,10,2,0,1,0
169,11,2,1,0,1
170,0,1,2,0,0
170,1,1,2,1,0
170,2,1,2,0,0
170,3,1,0,0,0
170,4,1,0,0,0
170,5,1,0,1,0
170,6,2,0,2,1
170,7,3,1,0,0
170,8,0,2,0,0
170,9,3,1,1,0
170,10,1,1,0,0
170,11,0,1,1,0
170,12,0,1,0,1
170,13,1,1,0,0
171,0,0,0,1,0
171,1,2,0,0,0
171,2,1,0,0,1
171,3,4,0,1,0
171,4,2,0,0,0
171,5,2,1,1,0
171,6,0,1,0,0
171,7,0,0,1,0
171,8,1,0,1,0
171,9,3,1,0,0
171,10,0,0,1,1
171,11,0,1,2,0
171,12,2,0,0,0
171,13,2,1,0,1
171,14,2,0,2,0
172,0,1,0,1,0
172,1,3,0,0,1
172,2,3,0,0,0
172,3,1,0,0,0
172,4,1,1,0,0
172,5,3,1,0,0
172,6,1,0,1,0
172,7,0,0,0,1
172,8,2,0,0,0
172,9,1,0,0,0
172,10,1,3,0,0
173,0,1,1,0,0
174,0,0,0,0,1
174,1,3,1,1,1
174,2,1,0,1,0
174,3,1,2,0,0
174,4,0,2,0,0
174,5,1,0,1,0
174,6,0,0,2,0
174,7,1,0,0,0
174,8,1,0,0,0
174,9,1,1,0,1
174,10,0,1,0,0
175,0,1,0,1,1
175,1,1,0,0,0
175,2,1,1,1,0
175,3,2,1,0,0
175,4,0,0,1,0
175,5,0,0,1,0
175,6,1,1,1,0
175,7,2,0,0,1
176,0,2,1,1,1
176,1,1,1,1,1
176,2,0,1,1,0
176,3,1,0,0,0
176,4,1,1,1,0
176,5,2,3,2,0
176,6,2,1,1,1
176,7,2,0,0,1
176,8,0,0,1,1
176,9,0,2,3,0
177,0,1,0,0,0
177,1,3,2,1,0
177,2,2,0,0,1
177,3,0,0,1,1
177,4,1,1,0,1
178,0,1,2,0,1
178,1,2,0,0,0
178,2,0,1,1,0
178,3,2,1,1,0
178,4,1,1,0,0
178,5,1,0,1,0
178,6,1,0,1,0
178,7,0,0,0,1
178,8,1,1,0,0
178,9,5,0,0,0
178,10,1,1,1,0
178,11,2,0,0,0
179,0,0,0,1,1
179,1,2,1,2,0
179,2,2,1,0,0
179,3,1,1,0,0
179,4,0,2,1,0
179,5,1,0,0,0
179,6,2,1,0,0
179,7,2,2,1,0
180,0,2,0,0,0
180,1,0,1,2,0
180,2,1,1,0,0
180,3,3,0,0,1
180,4,2,0,1,0
180,5,2,0,0,0
180,6,1,1,0,0
180,7,0,1,0,0
180,8,1,1,1,0
180,9,2,0,0,0
180,10,2,1,0,0
180,11,0,1,0,0
181,0,5,1,0,0
181,1,0,0,3,0
181,2,2,1,0,1
181,3,0,1,0,0
181,4,0,2,0,0
181,5,2,0,2,0
181,6,1,1,0,0
181,7,1,1,0,0
181,8,2,1,0,0
181,9,2,1,0,0
182,0,3,0,0,0
182,1,1,1,0,0
182,2,2,0,0,1
182,3,2,1,0,0
182,4,5,0,0,0
182,5,2,2,0,0
182,6,0,1,0,0
182,7,3,1,0,0
182,8,1,0,1,0
182,9,1,0,0,0
182,10,2,0,0,0
182,11,0,0,1,0
182,12,5,2,0,0
183,0,2,1,0,1
183,1,0,0,1,0
183,2,1,1,0,0
183,3,2,1,1,0
183,4,2,2,1,0
183,5,0,2,0,0
183,6,2,0,0,0
183,7,0,0,0,1
183,8,3,2,0,1
183,9,1,1,0,0
183,10,1,1,0,0
183,11,1,1,0,0
183,12,0,0,1,0
184,0,1,0,0,0
184,1,2,0,1,0
184,2,0,1,0,0
184,3,1,0,2,1
184,4,0,0,0,1
184,5,1,0,2,0
184,6,1,0,0,0
184,7,0,1,0,0
184,8,2,0,0,0
184,9,1,1,0,0
184,10,2,0,0,0
184,11,1,2,2,1
185,0,0,0,1,0
185,1,1,0,0,0
185,2,2,0,1,1
185,3,1,1,0,0
185,4,0,3,1,0
185,5,1,1,1,1
185,6,1,1,0,0
185,7,2,1,0,0
185,8,1,0,0,0
185,9,1,0,0,0
185,10,0,1,0,0
185,11,2,0,1,0
186,0,3,0,1,2
186,1,3,0,0,0
186,2,2,2,2,1
186,3,0,0,1,0
186,4,0,2,0,0
186,5,2,1,1,0
186,6,2,0,0,0
186,7,0,1,0,0
187,0,1,0,0,0
187,1,0,0,0,1
187,2,2,1,1,0
187,3,2,2,1,0
187,4,1,0,0,0
187,5,0,0,0,1
187,6,1,0,0,0
187,7,2,0,0,0
187,8,0,0,1,1
187,9,1,0,1,0
188,0,1,0,0,0
188,1,1,0,0,0
188,2,1,0,1,1
188,3,0,1,0,0
188,4,3,0,1,0
188,5,0,1,0,0
188,6,2,0,0,1
188,7,1,2,1,0
188,8,3,1,1,0
188,9,0,0,1,0
188,10,4,0,0,1
188,11,2,1,0,0
188,12,1,0,1,0
188,13,1,1,0,0
188,14,1,0,0,0
188,15,0,1,1,0
188,16,1,0,0,0
189,0,1,1,1,0
189,1,1,0,1,0
189,2,0,0,0,1
189,3,2,0,0,1
189,4,2,2,1,0
189,5,0,1,1,0
189,6,1,0,0,0
189,7,2,0,0,0
189,8,0,1,0,0
190,0,1,1,0,0
190,1,2,0,0,0
190,2,0,2,1,0
190,3,2,0,2,1
190,4,3,1,0,1
190,5,1,2,1,0
190,6,0,0,0,1
191,0,3,0,1,0
191,1,0,1,1,2
191,2,1,1,0,0
191,3,0,2,1,0
191,4,1,1,0,1
191,5,0,0,1,1
191,6,1,1,0,0
191,7,0,1,0,0
191,8,3,0,0,1
192,0,2,0,0,0
192,1,2,0,1,1
192,2,2,1,1,0
192,3,2,0,0,0
192,4,1,0,0,0
192,5,2,1,1,1
193,0,1,1,1,0
193,1,2,2,1,0
193,2,1,0,0,0
193,3,1,0,1,0
193,4,2,1,1,1
193,5,0,1,0,0
193,6,1,1,3,0
193,7,1,1,1,0
193,8,1,1,0,0
193,9,2,3,0,0
193,10,1,0,0,0
193,11,0,1,0,0
193,12,3,1,1,1
193,13,2,1,1,0
194,0,3,0,0,0
194,1,2,0,1,0
194,2,0,0,1,1
194,3,4,1,0,0
194,4,2,0,1,0
194,5,1,0,0,0
194,6,1,1,0,0
195,0,3,0,0,0
195,1,0,1,0,1
195,2,0,0,0,1
195,3,3,0,0,0
196,0,0,1,0,1
196,1,1,0,1,1
196,2,1,0,0,0
196,3,3,0,0,0
196,4,2,1,0,1
196,5,1,0,0,0
197,0,1,0,0,0
197,1,2,0,1,0
197,2,0,1,0,0
197,3,1,1,1,0
197,4,1,0,0,0
197,5,0,1,2,0
197,6,1,0,0,0
198,0,1,1,2,1
198,1,2,2,0,0
198,2,0,1,0,1
198,3,1,1,0,0
198,4,2,0,1,0
198,5,1,1,1,1
198,6,0,0,0,1
198,7,1,1,1,0
198,8,0,1,1,0
199,0,4,0,0,0
199,1,0,1,0,0
199,2,3,0,1,0
199,3,1,2,0,0
199,4,1,1,0,0
199,5,1,1,1,0
199,6,0,1,0,0
199,7,1,0,1,0
199,8,0,0,1,0
199,9,3,0,0,0
199,10,1,1,0,0
200,0,1,1,0,0
200,1,2,0,0,0
200,2,2,0,1,0
200,3,2,0,1,0
200,4,1,0,0,0
200,5,1,1,2,1
200,6,1,1,0,0
200,7,0,0,1,0
200,8,1,0,0,0
200,9,1,2,0,0
201,0,0,1,0,0
201,1,2,1,0,1
201,2,0,0,1,0
201,3,1,0,0,0
201,4,1,0,0,1
201,5,0,0,1,0
201,6,3,0,0,0
201,7,1,0,0,1
201,8,2,0,0,0
201,9,1,0,0,0
201,10,0,2,0,0
201,11,1,0,0,1
202,0,3,0,1,2
202,1,1,0,0,0
202,2,1,1,0,0
202,3,3,0,1,0
202,4,3,0,0,1
203,0,3,0,0,1
203,1,1,0,3,0
203,2,1,1,0,0
203,3,1,0,1,1
203,4,1,0,0,0
203,5,1,0,0,0
204,0,0,1,1,0
204,1,3,1,0,0
204,2,1,1,0,2
204,3,0,0,0,1
205,0,0,2,0,0
205,1,2,0,0,0
205,2,0,2,0,0
205,3,1,1,2,0
205,4,0,0,0,1
205,5,3,0,0,0
206,0,3,1,1,0
206,1,0,1,2,0
206,2,1,0,0,0
206,3,0,1,0,0
206,4,0,0,1,0
206,5,3,0,0,0
206,6,3,1,1,0
206,7,5,0,1,0
206,8,0,1,1,0
206,9,0,0,1,0
206,10,2,0,0,0
206,11,1,3,1,0
207,0,2,1,0,0
207,1,1,0,0,0
207,2,0,1,0,0
207,3,2,0,0,0
207,4,0,1,0,0
207,5,1,1,1,0
207,6,2,0,0,0
208,0,0,1,0,0
208,1,0,2,1,0
208,2,0,2,0,0
208,3,0,0,1,0
208,4,1,0,2,0
208,5,1,1,0,0
208,6,1,1,0,1
208,7,2,0,1,0
208,8,1,1,0,0
208,9,1,2,0,0
208,10,0,0,1,0
208,11,0,2,0,0
208,12,3,0,1,0
209,0,0,0,1,0
209,1,2,0,1,0
209,2,0,0,1,0
209,3,0,1,0,0
209,4,2,0,1,0
209,5,1,1,0,0
209,6,1,0,0,0
209,7,3,0,0,0
209,8,0,1,1,0
209,9,1,2,1,2
209,10,1,0,1,0
209,11,2,1,1,0
209,12,0,1,0,1
209,13,2,0,1,0
209,14,0,0,1,1
210,0,1,0,0,1
210,1,0,0,1,2
210,2,1,1,1,0
210,3,0,2,0,1
210,4,2,1,1,0
210,5,4,0,1,0
210,6,3,0,0,0
210,7,0,0,2,0
210,8,4,1,1,0
211,0,0,0,0,1
211,1,3,0,1,0
211,2,1,1,0,1
211,3,0,0,2,1
211,4,0,1,0,0
211,5,1,2,0,0
211,6,0,1,0,0
211,7,1,3,0,0
211,8,1,1,0,1
212,0,1,0,1,0
212,1,0,1,0,0
212,2,1,1,0,0
212,3,2,2,1,0
212,4,1,1,0,0
212,5,1,1,1,1
212,6,0,1,0,0
212,7,1,2,0,0
212,8,1,0,0,1
212,9,1,0,0,0
212,10,0,2,1,0
212,11,5,1,0,0
212,12,2,0,0,0
212,13,0,2,0,0
212,14,1,1,1,0
213,0,1,2,0,0
213,1,2,1,0,0
214,0,3,0,0,0
214,1,1,0,1,0
214,2,1,2,0,0
214,3,3,0,0,0
214,4,0,0,2,0
214,5,1,1,0,0
214,6,2,0,0,0
214,7,0,0,1,0
214,8,1,2,0,0
214,9,2,0,2,1
214,10,0,1,1,0
214,11,0,1,0,0
215,0,0,1,0,0
215,1,2,1,0,0
215,2,1,0,0,0
215,3,1,1,0,0
215,4,0,1,0,0
215,5,1,0,1,0
215,6,1,0,2,1
215,7,1,0,1,1
216,0,2,0,0,0
216,1,2,0,0,0
216,2,0,1,3,0
216,3,1,0,0,1
216,4,1,0,0,0
216,5,2,0,1,0
217,0,4,0,0,0
217,1,0,0,1,0
217,2,2,0,2,0
217,3,1,1,0,0
217,4,2,0,0,0
217,5,0,2,0,1
217,6,1,0,1,0
217,7,1,0,1,0
217,8,0,1,0,0
217,9,0,1,0,0
217,10,0,1,2,0
218,0,0,1,0,0
218,1,2,1,1,0
218,2,0,0,0,1
218,3,1,1,0,0
218,4,2,0,1,0
218,5,1,0,1,2
218,6,0,1,0,0
218,7,1,0,0,0
218,8,2,0,3,2
218,9,0,0,1,0
218,10,2,0,0,1
218,11,1,0,0,2
219,0,3,1,2,1
219,1,2,1,0,0
219,2,2,0,1,0
219,3,1,3,0,1
219,4,2,3,0,0
219,5,1,0,1,0
219,6,0,0,0,1
219,7,1,1,1,0
219,8,1,0,1,0
220,0,1,1,0,0
220,1,1,0,0,0
220,2,1,2,1,0
220,3,0,0,0,1
220,4,2,1,0,0
220,5,0,1,0,0
220,6,3,0,0,0
220,7,0,1,0,1
220,8,0,0,1,0
220,9,1,0,0,1
221,0,0,1,0,0
221,1,2,0,1,0
221,2,2,1,0,0
221,3,1,1,0,0
221,4,4,1,0,0
221,5,0,2,0,0
222,0,3,2,1,0
222,1,1,0,0,0
222,2,0,1,1,0
222,3,1,1,1,0
222,4,0,0,0,1
222,5,1,2,0,0
222,6,2,1,0,1
222,7,2,0,0,1
222,8,2,0,0,0
223,0,0,1,3,0
223,1,0,0,0,1
223,2,2,0,0,0
223,3,0,0,1,0
223,4,1,0,1,1
223,5,1,0,0,0
223,6,1,0,0,0
223,7,1,0,0,0
223,8,1,0,0,0
223,9,3,4,0,0
223,10,1,0,1,0
223,11,1,1,1,0
223,12,2,0,0,0
224,0,2,0,0,0
224,1,0,1,0,1
224,2,1,1,1,1
224,3,1,0,0,0
224,4,1,1,0,1
224,5,1,0,0,0
224,6,1,0,1,0
224,7,2,0,0,1
224,8,1,0,0,0
225,0,0,1,0,0
225,1,2,0,3,1
225,2,0,0,1,0
225,3,1,0,0,0
225,4,3,0,0,0
225,5,1,0,0,0
225,6,1,1,0,0
225,7,0,0,1,0
225,8,2,0,0,0
225,9,1,0,2,0
225,10,0,0,1,0
225,11,2,1,1,0
225,12,0,2,0,0
225,13,2,2,0,0
225,14,1,1,0,0
226,0,3,0,1,0
226,1,0,1,1,0
226,2,1,0,0,0
226,3,0,0,0,1
226,4,0,1,0,0
226,5,0,0,1,0
226,6,0,0,0,1
226,7,0,0,0,1
226,8,3,1,1,0
226,9,1,2,0,0
226,10,1,0,0,0
226,11,3,0,0,0
226,12,0,1,1,1
226,13,1,1,3,0
226,14,1,1,0,0
226,15,3,1,0,0
227,0,1,0,0,0
227,1,4,0,1,0
227,2,0,1,1,0
227,3,1,1,0,1
227,4,3,0,0,1
227,5,1,1,1,1
227,6,1,0,0,0
227,7,1,1,0,0
228,0,0,0,1,0
228,1,0,1,0,0
228,2,3,3,1,0
228,3,1,1,1,2
228,4,0,1,0,0
228,5,2,0,0,1
228,6,1,1,0,0
228,7,1,0,0,0
228,8,0,1,0,1
228,9,0,1,0,0
228,10,2,1,0,1
229,0,2,0,1,0
229,1,0,0,0,1
229,2,1,1,1,0
229,3,0,1,0,1
229,4,1,0,0,0
229,5,2,2,1,1
229,6,2,1,0,0
229,7,1,1,1,0
230,0,0,1,0,0
230,1,1,0,0,0
230,2,1,0,0,0
230,3,4,1,0,0
230,4,0,0,1,1
230,5,0,1,1,0
230,6,3,0,0,0
231,0,3,0,0,0
231,1,2,0,2,0
231,2,3,1,1,0
231,3,1,0,0,0
231,4,1,0,0,1
231,5,1,1,1,0
231,6,3,1,1,0
231,7,2,1,0,0
231,8,1,0,0,0
232,0,0,1,1,0
232,1,0,0,0,1
232,2,0,0,1,0
232,3,2,1,0,1
232,4,0,1,0,0
232,5,1,0,0,0
232,6,0,3,1,0
232,7,0,0,2,0
233,0,2,0,0,0
233,1,1,2,0,0
233,2,0,2,1,0
233,3,2,2,1,0
233,4,2,1,1,0
233,5,0,2,0,0
233,6,0,1,0,0
233,7,1,0,0,0
233,8,4,0,2,0
233,9,1,0,0,0
233,10,1,0,0,0
234,0,4,1,1,0
234,1,2,1,0,1
234,2,1,2,1,0
234,3,0,1,1,2
234,4,0,1,0,0
234,5,0,0,1,0
234,6,2,0,0,0
234,7,1,1,0,0
234,8,2,0,0,0
234,9,0,1,0,0
234,10,1,1,0,1
234,11,0,1,0,0
234,12,1,0,2,1
234,13,2,0,0,0
234,14,4,0,0,0
235,0,4,0,0,0
235,1,3,1,2,0
235,2,1,0,0,0
235,3,0,1,0,0
236,0,1,0,1,1
236,1,0,0,0,1
236,2,0,0,1,0
236,3,0,1,0,0
236,4,1,0,0,0
236,5,1,0,0,0
236,6,1,1,0,0
237,0,1,1,0,0
237,1,1,1,0,0
237,2,1,0,0,0
237,3,1,0,0,0
237,4,0,0,0,1
237,5,1,0,1,0
237,6,2,0,0,0
237,7,2,0,0,0
237,8,1,0,0,0
237,9,2,1,1,0
237,10,3,0,1,0
237,11,0,2,0,0
238,0,2,2,0,0
238,1,0,1,1,0
238,2,1,1,0,0
238,3,2,0,0,0
238,4,2,2,0,0
238,5,1,0,0,1
238,6,0,1,0,0
238,7,2,1,0,0
238,8,2,0,0,0
238,9,3,1,1,0
238,10,3,0,0,0
238,11,1,0,1,0
238,12,0,3,1,0
238,13,0,0,1,0
238,14,2,2,0,0
238,15,1,0,2,0
238,16,1,1,0,0
238,17,1,1,0,0
239,0,3,1,0,0
239,1,0,1,0,0
239,2,0,0,0,1
239,3,1,0,0,0
239,4,0,2,0,0
239,5,3,0,0,0
239,6,0,1,0,0
239,7,1,2,0,0
240,0,1,0,1,1
240,1,2,1,0,0
240,2,1,0,1,0
240,3,2,0,0,1
240,4,0,2,0,0
240,5,0,0,1,0
240,6,1,0,0,0
240,7,0,0,1,0
240,8,0,1,0,0
240,9,2,0,0,0
240,10,2,0,0,0
240,11,1,0,0,0
240,12,0,2,0,0
240,13,2,1,0,0
240,14,0,2,1,1
240,15,1,0,0,1
240,16,1,0,0,0
240,17,4,1,0,0
241,0,0,1,0,1
241,1,2,2,1,0
241,2,1,0,0,0
241,3,0,1,0,0
241,4,0,1,1,1
241,5,1,1,0,0
241,6,1,2,0,0
241,7,3,1,1,0
241,8,3,2,1,1
241,9,1,1,0,0
241,10,0,1,0,0
241,11,1,1,0,0
242,0,0,1,0,0
242,1,2,0,1,0
242,2,1,0,0,1
242,3,1,0,0,1
242,4,0,0,3,0
242,5,1,0,1,0
243,0,3,1,0,1
243,1,1,2,0,0
243,2,3,2,0,0
243,3,2,1,1,0
243,4,0,2,0,0
243,5,0,1,0,0
244,0,2,0,1,1
244,1,4,0,0,0
244,2,0,1,0,0
244,3,1,0,2,0
244,4,1,1,0,0
244,5,5,0,0,0
244,6,0,2,0,0
244,7,0,0,0,1
244,8,0,1,0,0
244,9,1,0,0,0
244,10,4,0,1,0
244,11,2,0,0,0
245,0,0,0,0,2
245,1,0,1,0,0
245,2,0,1,0,0
245,3,1,1,0,0
245,4,3,1,0,0
245,5,1,0,0,0
245,6,1,1,1,1
245,7,0,1,0,0
245,8,4,0,0,0
245,9,3,0,3,0
245,10,0,1,0,0
245,11,1,0,0,1
246,0,2,0,0,0
246,1,2,1,0,1
246,2,1,0,1,0
246,3,2,1,0,0
246,4,0,1,0,0
247,0,0,0,1,0
247,1,2,0,0,0
247,2,4,0,0,1
248,0,2,1,0,1
248,1,0,1,0,1
248,2,0,1,0,0
248,3,2,1,1,0
248,4,0,0,0,1
248,5,3,0,1,0
248,6,0,1,0,0
248,7,2,2,0,0
248,8,1,0,1,0
249,0,2,0,0,0
250,0,0,1,0,0
250,1,1,2,1,1
250,2,2,0,0,1
250,3,3,2,1,0
250,4,2,0,0,0
250,5,1,0,0,1
250,6,2,1,0,0
250,7,1,0,1,0
250,8,1,0,0,1
250,9,1,0,0,0
251,0,1,1,0,0
251,1,4,0,1,0
251,2,1,0,0,0
251,3,0,1,1,0
251,4,3,0,0,1
251,5,1,0,0,0
251,6,1,0,0,1
251,7,2,0,3,1
251,8,2,0,2,0
251,9,0,1,0,0
251,10,2,1,0,0
251,11,1,1,1,0
251,12,2,0,1,1
252,0,2,1,1,0
252,1,1,0,0,0
252,2,1,1,1,0
252,3,2,0,0,1
252,4,1,0,0,0
252,5,2,0,0,0
252,6,3,1,0,0
252,7,0,0,1,0
252,8,2,0,0,0
252,9,1,1,0,0
252,10,1,0,0,0
252,11,2,2,0,0
252,12,0,0,0,1
252,13,2,0,1,1
252,14,0,1,2,0
252,15,1,1,0,0
252,16,1,0,1,0
252,17,2,0,1,0
253,0,1,1,1,1
253,1,3,0,0,1
253,2,1,1,0,0
253,3,3,0,0,0
253,4,2,0,0,0
253,5,1,0,0,0
253,6,1,0,0,0
253,7,4,2,1,0
253,8,1,0,0,0
253,9,2,1,0,0
253,10,1,0,0,0
253,11,1,0,1,0
253,12,3,0,0,0
253,13,0,0,1,1
253,14,2,1,0,0
254,0,1,0,0,0
254,1,0,1,0,0
254,2,4,1,0,0
254,3,2,0,0,1
254,4,1,1,0,0
254,5,1,1,0,1
254,6,1,0,0,1
254,7,1,0,0,0
254,8,1,3,0,0
255,0,0,0,0,1
255,1,2,0,1,0
255,2,0,0,0,1
255,3,1,1,0,0
255,4,1,0,1,0
255,5,3,0,1,0
255,6,2,1,0,0
255,7,2,1,0,0
255,8,1,1,1,0
256,0,1,0,0,0
256,1,4,1,0,0
256,2,2,0,0,0
256,3,1,1,0,0
256,4,1,0,0,1
256,5,4,1,0,0
256,6,0,0,1,0
257,0,0,1,2,0
257,1,2,0,0,1
257,2,1,1,1,0
257,3,1,1,1,1
257,4,0,1,1,0
257,5,1,0,0,0
257,6,1,0,0,0
257,7,1,1,0,0
257,8,0,1,0,0
258,0,0,1,1,0
258,1,1,0,1,0
258,2,1,0,1,0
258,3,0,0,1,0
258,4,0,0,1,0
258,5,2,0,0,0
258,6,0,1,0,0
258,7,0,1,0,0
258,8,0,1,1,0
258,9,3,0,0,1
258,10,4,0,0,0
258,11,0,2,0,0
258,12,0,3,0,0
258,13,2,0,0,0
258,14,0,2,0,0
258,15,2,1,1,0
259,0,1,0,1,0
259,1,1,0,0,0
259,2,0,1,1,0
259,3,0,1,0,2
259,4,2,0,2,0
259,5,0,0,1,0
259,6,2,1,0,0
259,7,2,3,0,0
260,0,1,0,0,0
260,1,1,0,0,1
260,2,2,0,1,0
260,3,1,0,0,1
261,0,4,0,1,0
261,1,2,0,0,0
261,2,1,0,1,1
261,3,2,2,0,1
261,4,5,1,0,0
261,5,1,0,1,0
261,6,2,0,1,0
261,7,0,2,0,0
261,8,2,1,0,0
261,9,1,0,1,1
261,10,5,0,1,0
261,11,1,0,0,2
262,0,0,1,0,1
262,1,0,1,0,0
262,2,2,1,1,0
262,3,2,0,2,0
262,4,0,1,0,0
262,5,1,0,0,0
262,6,0,2,1,0
262,7,2,2,0,0
262,8,1,2,0,1
262,9,1,0,1,0
262,10,0,1,0,0
263,0,0,0,1,0
263,1,2,1,0,0
263,2,1,0,0,0
263,3,0,0,1,0
263,4,0,1,0,0
263,5,2,1,0,0
263,6,1,0,0,0
263,7,0,1,0,0
264,0,1,1,0,0
264,1,1,0,0,0
264,2,1,1,0,1
264,3,4,0,0,0
264,4,1,0,0,0
264,5,2,0,0,0
265,0,1,0,0,1
265,1,2,1,0,0
265,2,3,0,0,0
265,3,0,1,0,0
265,4,1,0,1,0
265,5,1,2,1,0
265,6,0,1,0,1
265,7,2,1,1,0
265,8,0,0,0,1
265,9,1,0,0,1
265,10,3,0,1,0
265,11,2,0,0,0
265,12,1,0,1,1
265,13,0,1,0,1
266,0,2,1,0,1
266,1,1,0,0,1
266,2,0,1,2,1
266,3,1,1,0,0
266,4,1,0,0,0
266,5,1,1,0,0
266,6,1,1,0,1
266,7,1,0,1,0
266,8,0,1,1,0
266,9,0,1,1,1
266,10,1,0,1,0
266,11,2,0,1,0
267,0,2,0,1,0
267,1,0,2,0,0
267,2,3,3,0,2
267,3,1,0,1,0
267,4,0,0,0,1
267,5,2,0,0,0
267,6,0,1,0,0
268,0,1,0,1,0
268,1,1,0,1,1
268,2,0,1,0,0
268,3,0,1,1,0
268,4,0,0,2,0
269,0,3,1,0,0
269,1,1,2,0,0
269,2,0,1,0,0
269,3,1,1,0,0
269,4,1,0,0,0
269,5,2,2,2,0
269,6,2,1,0,0
269,7,2,2,0,0
269,8,1,1,1,0
269,9,1,0,0,0
269,10,1,2,2,0
270,0,1,1,2,0
270,1,0,0,2,1
270,2,1,0,0,0
270,3,0,0,0,1
270,4,1,0,1,1
270,5,0,2,0,0
270,6,1,0,1,0
270,7,0,0,1,0
270,8,1,1,0,0
271,0,2,1,0,0
271,1,2,0,0,0
271,2,2,0,0,0
271,3,2,2,0,0
271,4,1,0,0,0
271,5,1,2,1,0
271,6,1,0,0,0
271,7,0,0,0,1
271,8,1,0,0,0
271,9,1,0,1,1
271,10,0,0,1,2
271,11,1,0,1,0
271,12,1,0,0,0
271,13,1,0,0,0
271,14,1,0,0,0
272,0,1,0,0,0
272,1,1,1,0,2
272,2,2,2,0,0
272,3,0,1,1,0
272,4,0,2,2,0
272,5,1,1,0,0
272,6,1,0,0,0
272,7,2,0,0,0
272,8,1,1,0,1
273,0,1,0,0,0
273,1,4,0,0,0
273,2,1,1,0,0
273,3,2,0,0,0
273,4,0,1,0,0
273,5,2,1,0,0
273,6,2,1,0,0
274,0,0,1,0,0
274,1,0,1,2,0
274,2,3,0,0,0
274,3,0,2,1,0
274,4,4,2,0,0
274,5,4,1,0,0
274,6,1,1,0,1
274,7,2,1,1,1
274,8,2,0,1,0
274,9,1,0,0,0
274,10,1,0,0,0
274,11,3,0,1,0
274,12,0,1,0,0
274,13,2,1,0,0
275,0,0,0,1,0
275,1,0,0,0,1
275,2,1,2,0,2
275,3,1,1,0,0
275,4,2,0,0,0
275,5,1,0,0,0
275,6,1,0,0,0
275,7,0,1,1,0
275,8,3,0,0,0
275,9,1,1,1,0
275,10,1,1,0,0
276,0,2,0,0,0
276,1,0,1,0,1
276,2,0,1,0,0
276,3,0,1,1,0
276,4,0,1,0,1
276,5,0,1,1,0
276,6,1,0,1,0
276,7,3,2,0,0
276,8,2,0,0,0
276,9,1,4,0,0
277,0,3,0,1,0
277,1,2,0,1,0
277,2,0,1,0,0
277,3,1,0,0,1
277,4,2,0,0,0
277,5,0,0,1,0
277,6,2,0,0,1
278,0,1,0,0,0
278,1,0,0,0,1
278,2,2,2,0,0
278,3,1,1,0,1
278,4,0,1,1,0
278,5,3,1,0,1
278,6,2,0,0,0
278,7,2,2,0,0
278,8,1,0,0,0
278,9,0,1,2,0
278,10,0,1,0,0
278,11,1,2,0,0
278,12,1,3,0,0
278,13,2,0,0,0
279,0,2,1,1,1
279,1,3,0,0,0
279,2,3,0,0,0
279,3,0,2,1,0
279,4,2,0,0,0
279,5,1,0,0,0
279,6,2,1,0,1
279,7,1,0,0,0
279,8,2,1,0,0
279,9,1,0,1,0
279,10,2,0,0,0
280,0,1,1,1,0
280,1,1,1,1,0
280,2,4,1,0,0
280,3,3,0,0,0
280,4,1,0,0,0
280,5,0,1,1,1
281,0,1,0,0,0
281,1,1,1,0,1
281,2,0,0,1,0
281,3,0,2,1,0
281,4,0,1,0,0
281,5,1,0,0,1
282,0,2,0,0,0
282,1,1,0,1,0
282,2,1,0,0,0
282,3,2,0,0,0
282,4,2,1,0,1
282,5,2,0,0,1
282,6,1,0,1,0
282,7,1,0,0,0
283,0,1,0,1,1
283,1,1,0,1,0
283,2,1,0,0,0
283,3,1,0,2,0
283,4,1,1,0,0
283,5,1,0,1,0
283,6,1,0,0,0
283,7,1,0,0,1
283,8,1,0,0,0
283,9,3,0,0,0
283,10,0,0,0,1
283,11,2,0,2,0
283,12,3,1,0,1
283,13,2,0,1,0
283,14,1,1,0,0
284,0,1,0,1,0
284,1,1,1,0,0
284,2,1,1,0,0
284,3,2,2,0,0
284,4,5,0,0,0
284,5,1,0,0,0
284,6,3,0,1,0
284,7,1,3,0,0
284,8,1,0,2,0
284,9,0,1,0,0
284,10,0,2,0,1
285,0,0,1,0,0
285,1,0,0,1,0
285,2,4,0,2,0
285,3,1,0,1,0
285,4,0,1,0,0
285,5,1,1,1,0
285,6,1,1,1,1
285,7,1,2,0,1
285,8,1,0,0,1
285,9,0,1,0,0
285,10,2,0,0,0
286,0,1,1,1,0
286,1,1,0,1,1
286,2,0,0,0,1
286,3,3,1,1,0
286,4,0,1,0,0
286,5,1,0,1,1
286,6,0,2,0,0
286,7,3,2,1,0
286,8,1,1,3,0
286,9,2,0,0,0
286,10,5,0,1,1
286,11,1,1,0,0
286,12,0,0,0,1
287,0,0,1,0,0
287,1,1,1,0,0
287,2,1,1,2,0
287,3,1,0,0,0
287,4,4,2,3,0
287,5,2,1,0,0
287,6,3,1,2,1
287,7,1,0,0,0
287,8,0,2,1,0
287,9,1,2,1,0
287,10,0,2,0,0
287,11,1,1,0,0
288,0,1,0,1,0
288,1,0,0,1,0
288,2,2,0,0,0
288,3,2,1,0,0
288,4,2,0,0,1
288,5,2,0,0,0
288,6,3,0,1,0
288,7,5,0,0,0
288,8,1,1,0,0
288,9,0,0,1,0
288,10,0,1,0,1
288,11,2,1,0,0
289,0,1,1,0,0
289,1,2,1,0,0
289,2,2,2,1,0
289,3,1,1,0,0
289,4,0,0,1,0
289,5,1,1,0,0
290,0,0,0,1,0
290,1,1,0,1,0
290,2,0,0,0,1
290,3,1,2,1,0
290,4,0,2,0,0
290,5,1,1,0,0
290,6,1,0,1,0
290,7,0,0,2,0
290,8,1,0,0,0
290,9,2,0,1,0
291,0,1,0,0,0
291,1,1,1,0,0
291,2,3,2,1,0
291,3,1,0,0,1
291,4,0,1,0,0
291,5,4,0,0,0
291,6,1,0,0,0
291,7,1,0,0,0
291,8,4,0,0,1
291,9,0,2,1,0
291,10,0,1,0,0
291,11,1,0,1,0
291,12,3,0,1,0
292,0,0,1,0,1
292,1,2,1,0,0
292,2,0,1,0,0
292,3,3,0,0,0
292,4,0,1,0,1
292,5,1,0,1,0
292,6,2,1,0,1
292,7,1,0,0,0
292,8,4,0,0,0
292,9,1,1,0,0
292,10,1,1,0,1
292,11,1,0,1,1
292,12,1,0,0,0
292,13,0,0,1,0
292,14,1,0,0,0
292,15,1,2,0,0
293,0,2,0,0,0
293,1,1,0,0,0
293,2,0,1,0,0
293,3,1,0,0,0
293,4,0,0,0,1
293,5,2,0,0,0
293,6,1,0,0,0
293,7,3,0,0,0
293,8,1,2,1,0
293,9,3,0,0,0
293,10,1,0,0,0
293,11,0,1,0,0
293,12,4,0,2,0
293,13,0,0,1,0
293,14,1,0,1,1
294,0,1,2,1,0
294,1,1,0,0,0
294,2,0,1,1,0
294,3,0,2,2,0
294,4,0,0,1,0
294,5,1,2,0,0
294,6,2,0,1,0
294,7,1,1,1,0
294,8,2,0,0,1
294,9,1,0,0,0
294,10,0,0,0,1
294,11,2,0,1,0
294,12,1,0,0,0
294,13,1,1,1,0
295,0,1,1,0,0
295,1,3,1,0,1
295,2,1,1,0,0
295,3,1,0,0,0
295,4,2,0,1,0
295,5,1,0,1,0
295,6,2,0,0,0
295,7,1,1,0,2
296,0,1,0,0,1
296,1,2,0,1,1
296,2,0,1,0,0
296,3,2,0,1,0
296,4,0,1,1,0
296,5,0,0,0,1
296,6,1,1,0,0
296,7,3,0,0,0
296,8,0,0,0,1
297,0,0,1,1,0
297,1,1,1,1,0
297,2,2,0,0,1
297,3,1,2,1,1
297,4,2,0,0,0
297,5,1,0,0,1
298,0,1,0,0,0
298,1,3,1,0,1
298,2,0,0,0,1
298,3,0,1,0,0
298,4,2,0,0,1
298,5,0,0,0,1
298,6,0,0,1,0
299,0,5,0,0,0
299,1,1,3,1,0
299,2,0,1,0,1
299,3,1,2,0,0
299,4,4,1,1,0
299,5,0,1,0,0
299,6,1,0,0,0
299,7,1,0,0,0
300,0,3,0,1,0
300,1,2,3,0,0
300,2,1,0,2,0
300,3,0,1,0,0
300,4,1,0,0,0
300,5,1,0,1,0
300,6,0,1,0,0
300,7,0,0,2,0
300,8,3,0,0,1
300,9,2,0,0,0
300,10,1,0,0,0
300,11,1,0,0,1
301,0,3,0,0,0
301,1,0,1,2,0
301,2,0,1,1,0
301,3,0,0,1,0
301,4,1,0,0,0
301,5,0,1,0,0
301,6,1,0,1,0
301,7,0,1,0,0
301,8,0,2,1,0
301,9,2,0,1,0
301,10,1,0,1,0
301,11,4,1,1,0
302,0,1,0,0,1
302,1,1,1,2,0
302,2,1,0,0,0
303,0,0,0,0,1
303,1,2,0,0,1
303,2,1,1,1,1
303,3,2,1,0,0
303,4,0,2,1,1
303,5,1,1,2,0
303,6,1,1,0,0
303,7,2,0,0,2
303,8,2,1,0,0
304,0,3,0,0,0
304,1,1,0,0,0
304,2,3,0,0,0
304,3,3,0,1,0
304,4,0,1,0,0
304,5,0,0,1,0
304,6,0,1,1,0
305,0,2,0,0,0
305,1,2,0,0,1
305,2,4,0,0,0
305,3,1,1,1,0
305,4,1,0,0,0
305,5,1,2,1,0
305,6,1,1,1,0
305,7,1,0,0,1
305,8,3,2,0,0
305,9,2,1,0,0
305,10,2,0,0,0
306,0,2,1,0,0
306,1,1,0,0,0
306,2,0,0,2,1
306,3,0,1,2,0
306,4,1,0,1,0
306,5,1,1,1,0
306,6,3,0,1,0
306,7,0,1,0,0
306,8,1,2,0,1
306,9,2,0,0,0
306,10,0,1,0,0
306,11,2,0,0,0
306,12,0,2,1,0
306,13,3,1,0,0
306,14,2,0,0,0
307,0,1,0,0,1
307,1,1,0,2,0
307,2,0,2,1,0
307,3,0,0,1,0
307,4,1,0,0,0
307,5,0,0,1,0
307,6,1,1,1,0
307,7,2,0,0,0
307,8,1,0,0,0
307,9,0,0,0,1
307,10,1,1,0,0
307,11,1,1,0,0
307,12,0,0,0,1
307,13,1,0,2,0
308,0,3,0,0,0
308,1,0,0,1,0
308,2,2,0,0,2
308,3,3,1,1,0
308,4,1,0,0,0
308,5,0,1,0,0
308,6,1,2,0,0
308,7,1,0,0,0
308,8,1,3,0,0
308,9,2,0,1,0
309,0,1,0,1,0
309,1,1,1,0,0
309,2,3,0,0,0
309,3,3,0,1,0
309,4,0,1,0,0
309,5,1,0,0,0
309,6,0,0,1,1
309,7,0,2,0,0
310,0,2,0,0,0
310,1,0,1,1,0
310,2,0,1,0,0
310,3,0,1,0,0
310,4,0,0,1,0
310,5,0,0,1,0
311,0,3,0,0,0
311,1,1,0,0,0
311,2,1,0,0,0
311,3,2,1,0,1
311,4,1,0,0,1
311,5,4,0,0,0
311,6,1,0,1,0
311,7,0,2,0,0
311,8,1,1,0,0
311,9,1,1,0,0
311,10,1,0,0,0
312,0,0,1,0,0
312,1,1,0,0,0
312,2,1,3,0,0
312,3,1,0,1,0
312,4,1,0,0,0
312,5,0,0,3,0
312,6,2,2,0,0
312,7,2,0,0,0
312,8,1,0,1,0
312,9,1,0,0,0
312,10,2,0,0,0
312,11,1,1,0,0
312,12,1,2,0,0
313,0,2,0,0,0
313,1,1,0,0,1
313,2,1,2,0,0
313,3,1,0,0,0
313,4,2,1,1,0
313,5,1,0,0,0
313,6,0,1,0,0
313,7,1,1,2,2
313,8,0,0,1,0
314,0,1,2,0,0
314,1,0,0,0,1
314,2,2,0,0,0
314,3,1,1,1,1
314,4,2,0,2,0
314,5,1,2,0,0
314,6,0,1,1,0
315,0,2,1,0,0
315,1,0,0,1,0
315,2,2,1,0,0
315,3,2,0,0,0
315,4,2,0,0,0
315,5,0,1,0,0
315,6,0,0,0,1
316,0,1,2,0,0
316,1,3,0,0,2
316,2,0,1,0,0
316,3,3,1,0,0
316,4,0,1,0,1
316,5,1,0,1,0
316,6,1,0,0,0
316,7,0,1,1,1
316,8,2,1,0,0
316,9,2,2,0,1
316,10,1,0,1,2
316,11,2,0,0,0
316,12,0,0,1,0
316,13,2,1,0,0
316,14,1,0,0,0
317,0,0,1,0,0
317,1,2,0,0,0
317,2,1,0,2,0
317,3,1,0,0,0
317,4,1,0,0,0
317,5,2,2,0,0
317,6,0,1,1,0
318,0,1,1,0,2
318,1,1,0,0,0
318,2,1,0,1,0
318,3,1,0,2,0
318,4,3,2,0,0
318,5,1,0,0,1
318,6,4,2,0,0
318,7,1,0,0,0
318,8,0,1,0,0
318,9,2,1,1,0
318,10,2,0,1,0
318,11,2,1,1,0
319,0,1,1,0,0
319,1,1,1,0,0
319,2,2,0,1,0
319,3,1,0,0,0
319,4,1,0,0,0
319,5,3,0,0,1
320,0,2,0,0,0
320,1,1,0,0,0
320,2,4,1,0,0
320,3,0,1,0,0
320,4,1,0,1,1
320,5,1,0,1,2
320,6,1,0,1,0
321,0,1,0,1,1
321,1,1,1,0,0
321,2,0,0,1,0
321,3,0,1,0,0
321,4,2,0,0,0
321,5,1,1,0,0
321,6,1,0,1,0
321,7,0,1,1,0
321,8,1,0,0,0
321,9,2,0,0,0
321,10,1,0,0,1
321,11,2,0,1,0
322,0,2,2,0,0
322,1,1,0,0,0
322,2,2,3,0,0
322,3,1,0,1,0
322,4,0,0,1,2
322,5,3,0,2,0
322,6,0,1,1,1
322,7,0,1,1,1
323,0,0,2,0,0
323,1,1,0,1,0
323,2,0,1,0,0
323,3,0,0,0,1
323,4,0,1,1,0
323,5,1,1,0,0
323,6,1,1,1,0
323,7,1,1,0,0
324,0,0,1,1,0
324,1,2,0,1,0
324,2,2,0,0,0
324,3,1,1,0,0
324,4,1,1,1,0
324,5,1,1,2,0
324,6,4,0,1,0
324,7,0,0,1,0
324,8,1,0,0,0
324,9,1,0,0,0
324,10,1,0,0,0
324,11,1,1,0,0
324,12,1,0,0,0
324,13,1,0,0,0
324,14,2,1,0,1
324,15,2,1,0,1
324,16,0,0,0,1
324,17,0,0,1,1
325,0,2,0,0,0
325,1,2,1,1,0
325,2,1,0,0,2
325,3,6,0,0,0
325,4,2,2,0,1
325,5,1,0,1,0
325,6,1,2,0,0
325,7,2,0,0,0
325,8,3,0,1,0
325,9,0,1,0,0
325,10,1,0,1,0
326,0,2,1,1,0
326,1,2,2,0,0
326,2,0,0,2,1
326,3,1,2,0,0
326,4,2,1,1,1
326,5,2,0,0,0
326,6,2,0,2,0
326,7,1,0,1,1
326,8,1,1,0,0
326,9,2,0,1,0
326,10,3,0,1,1
326,11,0,0,1,0
326,12,1,1,0,1
327,0,2,0,0,0
327,1,0,0,1,0
327,2,0,0,0,1
327,3,0,3,0,0
327,4,1,1,0,1
327,5,2,0,1,0
327,6,3,1,0,0
327,7,1,0,1,0
327,8,0,0,1,0
327,9,0,3,0,0
328,0,1,2,0,0
328,1,4,0,0,0
328,2,1,3,0,0
328,3,0,1,1,0
328,4,1,1,0,0
328,5,1,1,1,0
328,6,1,2,0,1
328,7,0,1,1,0
328,8,1,0,2,0
328,9,0,0,0,1
329,0,0,0,1,0
329,1,3,0,0,0
329,2,3,1,0,1
329,3,0,1,0,1
329,4,0,0,0,1
329,5,1,0,0,0
329,6,1,0,0,0
329,7,1,1,0,0
329,8,1,1,0,0
330,0,1,0,0,0
330,1,2,0,0,0
330,2,1,1,1,0
330,3,1,0,5,0
330,4,1,2,0,0
330,5,0,1,0,0
330,6,2,0,0,0
330,7,1,0,2,1
330,8,0,0,1,0
330,9,2,1,0,0
330,10,2,0,0,0
330,11,0,1,0,0
330,12,1,1,0,0
330,13,0,1,1,0
331,0,0,0,1,0
331,1,2,0,1,0
331,2,0,0,0,1
331,3,1,0,0,0
331,4,1,1,2,1
331,5,0,0,0,1
331,6,0,1,0,0
331,7,2,0,1,1
331,8,0,2,0,1
331,9,2,0,2,0
332,0,0,1,0,0
332,1,1,0,0,0
332,2,0,1,0,0
332,3,1,0,2,0
332,4,0,1,0,0
332,5,2,0,0,0
332,6,1,0,2,0
332,7,2,2,1,0
332,8,2,2,0,0
333,0,1,0,1,0
333,1,1,0,0,0
333,2,0,1,0,0
333,3,1,0,0,0
334,0,0,4,0,1
334,1,1,1,1,0
334,2,2,1,0,2
334,3,1,0,0,0
334,4,0,0,0,1
334,5,1,1,0,1
334,6,1,2,0,0
334,7,1,1,0,0
334,8,3,1,0,1
334,9,1,1,0,0
334,10,1,0,0,0
335,0,2,2,0,2
335,1,0,1,1,0
335,2,0,1,1,1
335,3,1,0,1,0
335,4,2,0,0,0
335,5,1,0,0,0
335,6,2,1,0,1
335,7,1,3,0,0
335,8,2,0,0,1
336,0,4,0,0,0
336,1,3,2,0,0
336,2,0,3,1,0
336,3,1,1,0,0
336,4,0,2,0,1
336,5,2,1,1,0
336,6,2,0,0,0
336,7,2,0,0,0
336,8,1,0,0,1
337,0,2,1,0,0
337,1,2,3,1,0
337,2,1,3,1,1
337,3,1,1,0,1
337,4,3,0,1,0
337,5,2,0,1,0
337,6,2,1,1,0
337,7,2,0,0,0
337,8,0,0,1,0
338,0,2,0,0,0
338,1,4,0,0,0
338,2,1,2,0,0
338,3,4,0,0,0
338,4,1,0,0,0
338,5,0,0,1,2
338,6,1,0,0,0
338,7,1,0,1,0
338,8,1,0,1,0
338,9,0,0,1,0
338,10,1,0,0,0
339,0,0,1,1,0
339,1,3,0,0,0
339,2,0,0,0,1
339,3,4,1,1,0
339,4,0,0,1,0
339,5,3,2,0,0
340,0,0,2,0,0
340,1,0,1,0,0
340,2,0,0,1,0
340,3,4,0,1,1
340,4,0,1,0,0
340,5,4,0,0,0
340,6,1,0,0,0
340,7,1,2,1,0
340,8,1,0,0,0
341,0,1,0,0,1
341,1,2,2,1,0
341,2,0,1,0,0
341,3,2,1,0,0
341,4,0,0,1,1
341,5,2,2,1,1
342,0,2,0,0,0
342,1,0,1,0,0
342,2,3,0,1,0
342,3,5,1,0,0
342,4,2,1,0,1
342,5,0,0,0,1
342,6,1,0,0,0
342,7,3,0,0,1
342,8,1,1,0,0
342,9,2,0,0,0
343,0,1,0,0,0
343,1,4,0,2,0
343,2,4,1,0,1
343,3,1,1,0,0
343,4,2,0,1,0
343,5,0,0,1,1
343,6,0,0,1,0
343,7,0,1,0,0
343,8,0,0,1,0
343,9,1,2,1,0
343,10,1,2,0,0
344,0,0,1,0,0
344,1,1,0,0,0
344,2,0,0,1,1
344,3,0,0,0,1
344,4,2,1,1,0
344,5,1,1,0,0
344,6,3,2,1,0
344,7,2,2,1,0
345,0,1,0,0,0
345,1,2,0,0,1
345,2,2,0,0,0
345,3,1,2,0,0
345,4,0,1,0,0
345,5,1,0,0,0
345,6,2,1,0,1
345,7,0,0,1,0
346,0,3,0,1,0
346,1,1,1,1,0
346,2,1,0,0,0
346,3,4,0,0,1
346,4,1,1,1,0
346,5,2,0,2,1
346,6,0,1,1,0
346,7,4,0,1,0
346,8,2,0,1,0
346,9,2,1,0,0
347,0,2,1,0,0
347,1,1,0,0,0
347,2,1,0,1,1
347,3,0,1,0,1
347,4,1,1,0,0
347,5,1,0,0,0
347,6,1,1,0,1
348,0,2,1,1,0
348,1,3,0,1,1
348,2,0,0,1,0
349,0,2,2,0,1
349,1,0,2,0,0
349,2,0,2,0,0
349,3,1,0,0,0
349,4,2,4,0,0
349,5,0,1,0,0
349,6,1,1,0,0
349,7,2,0,0,0
349,8,3,0,0,1
349,9,1,1,0,0
350,0,3,0,0,0
350,1,1,1,1,0
350,2,1,1,0,1
350,3,1,0,0,0
350,4,1,0,1,0
350,5,0,1,0,0
350,6,0,0,0,1
350,7,1,1,0,0
350,8,3,0,0,0
350,9,0,0,1,0
350,10,2,1,0,0
350,11,1,1,0,2
351,0,1,0,0,0
351,1,2,1,0,1
351,2,2,1,1,0
351,3,2,3,0,0
351,4,1,0,0,0
351,5,0,1,0,0
351,6,1,0,0,0
351,7,0,0,1,0
352,0,2,0,0,0
352,1,1,0,2,0
352,2,2,0,0,0
352,3,2,0,0,0
352,4,0,2,0,0
352,5,1,0,0,0
352,6,1,1,0,0
352,7,2,1,1,0
352,8,0,1,0,0
352,9,2,0,1,0
352,10,1,0,0,1
352,11,1,0,1,0
352,12,1,0,0,0
353,0,4,0,0,0
353,1,2,0,0,0
353,2,3,0,1,0
353,3,1,0,1,0
353,4,1,2,1,0
353,5,0,1,0,0
353,6,1,0,0,0
353,7,1,3,0,0
353,8,1,0,1,0
353,9,1,0,0,1
353,10,0,0,0,1
353,11,0,0,1,0
353,12,2,3,1,0
353,13,3,0,0,1
354,0,0,1,0,1
354,1,2,1,0,0
354,2,1,0,0,0
354,3,0,0,1,0
354,4,0,0,1,0
354,5,1,1,0,0
354,6,1,1,2,0
354,7,1,0,1,1
354,8,1,2,1,0
354,9,1,0,0,0
354,10,2,1,1,0
355,0,1,0,0,0
355,1,1,1,1,0
355,2,2,1,0,0
355,3,1,1,1,1
355,4,0,0,1,0
355,5,1,1,1,0
355,6,0,1,0,0
355,7,1,0,0,1
355,8,2,1,1,0
356,0,1,1,0,0
356,1,0,1,0,0
356,2,1,0,1,2
356,3,1,0,1,1
356,4,1,0,1,0
356,5,3,0,0,0
356,6,1,1,0,0
356,7,2,0,0,0
356,8,1,0,0,0
356,9,0,1,0,1
356,10,1,1,0,3
356,11,1,1,0,0
356,12,0,0,0,1
356,13,2,0,1,0
356,14,0,1,1,0
356,15,4,0,0,0
356,16,2,0,1,0
356,17,1,0,0,0
357,0,2,0,1,0
357,1,3,1,0,0
357,2,1,0,0,0
357,3,1,0,3,0
357,4,1,0,1,0
357,5,1,0,0,0
357,6,1,0,0,0
358,0,2,1,0,0
358,1,1,0,0,0
358,2,2,0,1,0
358,3,3,0,0,1
358,4,0,1,0,0
358,5,0,1,0,0
358,6,0,3,1,0
358,7,0,0,1,0
359,0,0,1,0,0
359,1,0,1,0,0
359,2,0,1,1,1
359,3,0,0,1,0
359,4,0,0,1,0
359,5,0,0,1,0
359,6,2,1,0,0
359,7,1,3,0,0
359,8,2,1,0,0
360,0,2,0,0,0
360,1,2,1,1,0
360,2,2,1,1,1
360,3,1,0,1,0
360,4,3,0,2,1
360,5,3,0,2,0
360,6,1,0,0,0
360,7,0,1,2,0
360,8,1,0,0,0
360,9,0,3,0,0
360,10,0,2,1,0
360,11,1,1,1,0
361,0,1,2,0,1
361,1,1,1,2,0
361,2,1,1,0,0
361,3,1,3,0,0
361,4,1,0,0,1
361,5,1,0,0,0
361,6,3,1,0,1
361,7,4,0,0,0
361,8,4,0,0,0
361,9,1,1,1,0
361,10,1,2,0,0
362,0,1,0,1,0
362,1,2,0,1,0
362,2,0,1,0,0
362,3,1,0,0,0
362,4,1,1,1,0
362,5,3,0,0,1
362,6,2,0,1,0
362,7,1,2,1,0
362,8,2,0,0,0
362,9,0,1,2,0
362,10,0,0,1,1
362,11,1,0,1,1
362,12,2,0,1,0
362,13,0,0,1,0
362,14,1,0,0,0
363,0,1,2,0,0
363,1,1,1,0,1
363,2,0,0,1,0
363,3,1,1,0,0
363,4,0,1,0,0
363,5,2,1,1,1
363,6,1,0,0,0
363,7,0,2,0,0
363,8,0,0,1,0
363,9,0,1,0,1
363,10,2,0,0,0
364,0,1,1,1,0
364,1,0,1,0,0
364,2,1,1,0,0
364,3,1,0,0,0
364,4,1,0,0,0
364,5,1,0,0,0
364,6,1,0,1,0
364,7,3,0,0,1
364,8,3,2,0,1
364,9,1,3,0,0
364,10,1,1,2,2
365,0,1,0,1,0
365,1,0,1,0,1
365,2,0,0,0,1
365,3,1,1,0,0
365,4,2,1,0,0
365,5,0,0,1,0
365,6,1,0,0,0
365,7,1,0,0,0
365,8,2,0,0,0
365,9,1,0,0,1
365,10,1,3,0,1
365,11,1,0,0,0
365,12,2,0,0,0
365,13,2,2,0,1
365,14,1,0,0,0
365,15,1,1,0,0
366,0,0,0,0,1
366,1,0,1,0,0
366,2,1,1,0,1
367,0,1,0,0,0
367,1,0,0,0,1
367,2,1,0,0,0
367,3,0,0,2,0
367,4,6,0,0,0
367,5,1,2,0,1
367,6,0,0,0,1
367,7,0,0,1,0
367,8,0,0,1,0
367,9,1,0,0,0
368,0,0,0,0,1
368,1,1,1,2,0
368,2,1,1,0,0
368,3,3,1,0,0
368,4,0,0,0,1
369,0,0,2,0,0
369,1,1,1,1,0
369,2,0,1,0,0
369,3,0,1,1,0
369,4,1,1,0,0
369,5,0,0,0,1
369,6,0,1,1,0
370,0,0,0,0,1
370,1,1,0,1,0
370,2,2,0,0,0
370,3,2,0,0,0
370,4,0,1,0,0
370,5,0,1,0,0
370,6,0,1,0,0
370,7,1,1,1,0
370,8,0,1,0,0
370,9,0,0,0,1
370,10,0,1,2,0
370,11,1,0,0,0
370,12,1,0,1,0
370,13,1,1,1,0
371,0,1,0,0,0
371,1,1,2,0,0
371,2,2,0,1,0
371,3,1,1,0,0
371,4,0,0,1,0
371,5,0,0,1,0
371,6,2,0,0,0
371,7,0,1,0,0
371,8,2,0,2,1
372,0,1,0,0,1
372,1,0,1,0,1
372,2,2,0,0,0
372,3,0,1,0,1
372,4,2,0,0,0
372,5,1,0,1,1
372,6,2,0,1,0
372,7,0,0,1,0
372,8,1,0,0,0
372,9,1,0,0,0
373,0,1,0,0,1
373,1,1,0,1,0
373,2,1,0,0,0
373,3,3,0,0,0
373,4,1,2,1,0
373,5,1,0,0,0
373,6,2,0,0,0
373,7,3,0,0,0
373,8,0,0,0,1
373,9,2,0,0,0
373,10,0,0,0,1
373,11,1,0,0,0
373,12,0,0,0,1
373,13,1,0,0,2
373,14,1,2,0,0
374,0,1,2,3,0
374,1,1,1,0,0
374,2,2,0,1,0
374,3,3,0,0,1
374,4,2,1,0,0
374,5,0,1,0,0
374,6,1,0,0,0
374,7,1,0,0,0
374,8,3,1,0,0
375,0,3,2,1,0
375,1,0,3,1,1
375,2,1,2,0,1
375,3,0,0,0,1
375,4,1,0,1,0
375,5,3,0,1,0
375,6,1,0,2,1
375,7,0,1,0,0
376,0,1,0,0,0
376,1,0,1,1,0
376,2,2,0,0,0
376,3,4,1,0,0
376,4,2,0,1,0
376,5,3,0,1,0
376,6,1,1,0,0
377,0,2,0,1,0
377,1,1,1,0,0
377,2,2,2,1,0
377,3,1,0,1,0
377,4,2,0,0,0
377,5,0,2,1,0
377,6,1,0,0,0
377,7,1,0,0,0
377,8,2,1,0,0
377,9,0,1,1,0
377,10,0,1,0,0
377,11,1,1,0,0
378,0,0,0,2,0
378,1,2,1,3,1
378,2,1,0,0,0
378,3,3,1,0,0
378,4,2,1,0,0
378,5,2,3,0,0
378,6,0,1,1,0
378,7,0,1,0,0
378,8,2,0,0,1
378,9,2,2,0,0
378,10,2,0,2,0
378,11,1,0,0,1
379,0,2,0,0,0
379,1,0,1,0,0
379,2,2,0,0,1
379,3,3,1,0,0
379,4,1,0,0,0
379,5,1,2,1,0
379,6,1,0,0,0
379,7,1,0,0,1
379,8,2,1,0,0
379,9,1,0,0,0
379,10,2,0,2,0
380,0,1,2,2,1
380,1,2,0,0,0
380,2,1,2,0,0
380,3,1,0,0,0
380,4,0,1,1,0
380,5,0,1,0,0
380,6,0,0,1,0
380,7,1,0,0,1
381,0,0,0,0,1
381,1,0,1,0,1
381,2,1,1,1,0
381,3,1,0,0,0
381,4,0,0,0,1
381,5,0,0,1,0
381,6,3,0,1,1
381,7,3,0,0,1
381,8,3,1,2,0
381,9,1,0,0,0
381,10,1,0,1,0
381,11,1,0,0,0
381,12,1,2,1,0
382,0,1,0,0,0
382,1,1,0,0,0
382,2,2,0,0,1
382,3,0,1,0,0
382,4,2,0,1,0
382,5,0,1,1,1
382,6,2,1,0,0
382,7,2,0,1,0
382,8,1,1,0,0
382,9,0,0,0,1
382,10,2,1,0,0
382,11,1,1,0,0
382,12,2,0,0,0
382,13,0,1,0,0
382,14,1,1,0,0
383,0,4,1,1,0
383,1,1,0,0,0
383,2,1,0,0,0
383,3,2,0,0,0
383,4,1,0,1,0
383,5,0,0,0,1
383,6,1,0,0,0
383,7,0,1,0,0
383,8,0,1,0,0
383,9,4,3,0,0
383,10,1,1,0,1
383,11,1,0,0,0
383,12,2,0,0,0
383,13,0,0,1,0
383,14,0,0,0,1
384,0,1,0,0,0
384,1,1,1,0,2
384,2,0,3,1,0
384,3,2,0,0,0
384,4,0,0,0,1
384,5,1,0,1,0
384,6,2,1,2,0
384,7,3,0,0,0
385,0,0,0,0,1
385,1,3,0,1,0
385,2,3,0,1,0
385,3,2,0,0,0
385,4,0,0,0,1
385,5,1,0,0,0
385,6,2,1,0,0
385,7,2,1,1,0
385,8,0,2,0,0
385,9,0,1,0,0
385,10,0,0,1,0
385,11,1,0,0,0
385,12,1,0,0,0
385,13,3,0,0,0
386,0,2,1,0,0
386,1,2,0,0,0
386,2,1,0,1,0
386,3,3,0,0,0
386,4,1,0,1,0
386,5,2,0,0,0
386,6,0,1,2,0
386,7,3,1,1,0
386,8,1,0,0,0
387,0,1,1,1,0
387,1,0,2,1,0
387,2,0,0,1,0
387,3,1,0,0,0
387,4,0,2,1,0
387,5,1,1,0,0
387,6,2,1,0,0
387,7,0,1,1,0
387,8,2,0,0,3
387,9,1,1,1,0
387,10,4,2,0,0
387,11,1,0,0,0
387,12,1,0,0,0
387,13,0,1,0,1
387,14,2,2,0,0
388,0,1,0,0,0
388,1,2,0,0,0
388,2,0,0,2,0
388,3,0,0,2,0
388,4,1,0,0,0
388,5,1,2,0,0
388,6,0,1,1,0
389,0,3,1,0,0
389,1,0,1,0,0
389,2,3,1,0,0
389,3,2,1,0,0
389,4,1,0,3,0
389,5,2,2,0,0
389,6,1,0,1,0
389,7,0,1,0,0
389,8,2,1,0,0
389,9,1,0,0,0
389,10,0,0,1,0
390,0,0,1,0,0
390,1,1,0,0,0
390,2,1,0,2,0
390,3,1,0,2,2
390,4,1,0,0,1
390,5,0,0,0,1
390,6,0,1,0,0
390,7,2,0,0,1
390,8,1,0,3,0
390,9,0,1,0,1
390,10,0,0,0,1
391,0,0,0,0,1
391,1,2,1,0,0
391,2,1,0,0,0
391,3,1,0,0,0
391,4,2,2,0,0
391,5,0,1,0,1
391,6,1,0,0,0
391,7,1,1,1,1
391,8,1,1,0,1
391,9,0,2,0,0
392,0,2,0,0,0
392,1,1,0,0,0
392,2,4,1,2,2
392,3,0,0,2,0
392,4,1,1,0,1
392,5,1,0,0,0
393,0,0,1,1,0
393,1,0,1,0,0
393,2,2,0,0,0
393,3,2,1,0,0
393,4,0,0,1,0
393,5,1,0,1,0
393,6,1,1,1,0
393,7,1,1,0,0
393,8,1,0,0,0
393,9,2,0,0,1
393,10,2,1,0,0
393,11,1,1,1,1
394,0,1,0,0,0
394,1,1,0,1,0
394,2,1,1,0,0
394,3,4,2,1,1
394,4,2,2,0,0
394,5,0,1,1,0
394,6,0,0,1,0
394,7,1,1,0,0
395,0,1,0,0,0
395,1,2,0,0,0
395,2,1,0,0,0
395,3,2,0,1,0
395,4,0,2,0,0
395,5,1,2,1,1
395,6,2,0,1,1
395,7,1,0,1,0
395,8,0,2,0,0
395,9,2,0,0,2
395,10,1,0,0,0
395,11,1,1,0,1
395,12,1,0,1,1
396,0,0,1,2,0
396,1,1,3,1,1
396,2,0,1,0,0
396,3,0,2,0,0
396,4,2,0,0,0
396,5,2,0,0,0
396,6,1,1,1,0
396,7,1,0,0,0
396,8,0,1,1,0
396,9,0,0,1,0
397,0,1,0,0,0
397,1,0,1,1,0
397,2,2,0,0,1
397,3,0,0,1,0
397,4,0,0,0,1
397,5,1,0,1,1
397,6,2,1,0,0
397,7,2,1,0,0
397,8,1,0,0,0
397,9,1,1,0,0
398,0,2,1,0,0
398,1,3,1,1,0
398,2,0,1,1,0
398,3,1,1,0,0
398,4,1,0,0,1
398,5,3,0,0,0
398,6,3,1,0,0
398,7,1,0,0,0
398,8,1,0,0,0
398,9,2,1,0,0
398,10,1,1,1,0
398,11,0,0,0,1
399,0,1,0,0,0
399,1,3,1,1,0
399,2,3,1,0,0
399,3,2,1,0,1
399,4,2,0,0,0
399,5,2,0,0,0
399,6,0,0,1,0
399,7,2,1,0,0
399,8,1,0,1,0
399,9,1,1,0,0
399,10,2,0,1,1
399,11,0,0,1,0
399,12,3,1,0,0
399,13,3,3,0,0
399,14,1,1,1,1
399,15,1,0,0,0
399,16,2,0,1,0
400,0,2,0,0,0
400,1,1,0,0,1
400,2,0,0,1,0
400,3,0,1,1,0
400,4,1,1,0,0
400,5,1,0,2,0
400,6,0,0,1,0
400,7,0,1,2,0
400,8,3,0,1,0
400,9,3,0,0,0
400,10,3,1,0,0
400,11,0,0,1,0
401,0,2,1,0,0
401,1,1,0,1,0
401,2,1,0,1,1
401,3,2,2,0,0
401,4,2,1,0,0
401,5,3,0,0,0
401,6,1,0,1,0
401,7,1,0,1,0
402,0,3,0,1,0
402,1,1,0,0,1
402,2,0,2,0,0
402,3,1,1,0,0
402,4,1,1,0,0
402,5,0,0,1,0
402,6,1,0,1,0
402,7,1,0,2,0
403,0,1,2,0,0
403,1,2,0,1,0
403,2,1,2,0,1
403,3,3,1,0,0
403,4,1,2,0,0
403,5,0,0,1,0
403,6,5,1,0,0
403,7,1,2,0,0
403,8,1,0,0,0
403,9,1,1,1,2
403,10,3,0,0,0
403,11,2,0,0,0
403,12,2,0,0,1
404,0,1,0,0,0
404,1,1,3,0,2
404,2,2,0,0,0
404,3,1,0,0,0
404,4,0,3,0,0
404,5,5,0,0,1
404,6,3,2,1,0
404,7,0,1,0,0
404,8,0,1,1,0
405,0,1,0,0,0
405,1,1,1,0,0
405,2,0,0,1,0
405,3,2,0,1,0
405,4,1,1,0,1
405,5,0,0,2,0
405,6,2,1,0,0
405,7,1,0,0,0
405,8,0,1,0,1
405,9,1,0,0,0
405,10,0,2,0,0
405,11,0,0,2,0
406,0,0,2,2,0
406,1,0,0,0,1
407,0,2,0,1,0
407,1,1,0,0,0
407,2,1,1,1,0
407,3,1,0,1,0
408,0,2,1,1,0
408,1,1,1,0,0
408,2,1,2,0,1
408,3,1,1,0,2
408,4,0,0,0,1
408,5,2,1,0,0
408,6,1,0,1,0
408,7,1,1,1,0
408,8,0,1,0,0
408,9,1,1,0,0
408,10,1,3,1,0
408,11,1,0,2,0
408,12,2,1,0,0
409,0,1,0,0,0
409,1,1,2,0,1
409,2,0,0,1,0
409,3,1,1,1,0
409,4,0,1,0,0
409,5,0,1,0,0
409,6,1,1,0,0
409,7,0,0,0,1
410,0,1,2,2,0
410,1,1,2,0,0
410,2,2,1,0,0
410,3,0,2,0,0
410,4,2,3,1,0
410,5,1,0,0,0
410,6,0,0,1,0
410,7,1,0,1,0
410,8,1,0,2,0
411,0,1,1,0,0
411,1,1,0,0,1
411,2,0,1,1,1
411,3,2,2,1,0
411,4,0,0,0,1
411,5,1,1,1,0
411,6,2,2,0,0
411,7,1,1,1,0
411,8,0,0,1,0
411,9,1,1,0,0
411,10,2,0,0,0
412,0,1,1,1,1
412,1,0,0,0,1
412,2,0,1,0,0
413,0,0,0,1,0
413,1,1,0,0,0
413,2,2,0,0,0
413,3,1,0,0,0
413,4,1,0,0,1
413,5,3,0,0,0
413,6,0,1,0,0
413,7,4,0,1,1
413,8,0,1,0,0
413,9,1,1,0,1
413,10,3,0,1,0
414,0,1,1,0,0
414,1,1,1,2,1
414,2,2,1,1,0
414,3,1,2,0,1
414,4,1,0,1,0
414,5,0,0,0,1
414,6,2,1,0,0
414,7,1,2,1,0
414,8,0,0,1,0
414,9,0,1,0,0
414,10,1,0,1,0
415,0,1,0,0,0
415,1,0,0,0,1
415,2,3,3,0,0
415,3,1,0,0,1
415,4,3,0,0,1
415,5,0,1,0,0
415,6,4,0,0,0
416,0,1,2,2,0
416,1,0,1,0,0
416,2,0,1,0,0
416,3,2,1,0,0
416,4,0,0,0,1
416,5,0,1,0,0
416,6,0,0,0,1
416,7,2,0,0,0
416,8,0,2,0,0
417,0,0,1,0,0
417,1,0,1,0,0
417,2,1,0,0,0
417,3,1,1,0,1
417,4,0,1,0,1
417,5,1,0,0,0
417,6,1,2,0,0
417,7,2,0,0,0
417,8,3,0,0,0
417,9,1,1,1,0
418,0,0,1,2,0
418,1,1,0,1,0
418,2,1,0,2,1
418,3,3,2,1,0
419,0,2,0,0,0
419,1,3,2,0,0
419,2,1,0,0,1
419,3,0,0,0,1
419,4,0,2,0,1
419,5,1,0,1,0
419,6,1,0,0,0
419,7,0,0,0,1
419,8,1,0,1,0
419,9,1,1,0,0
419,10,1,1,0,0
420,0,0,0,1,0
420,1,0,0,0,1
420,2,1,2,0,1
420,3,1,0,1,0
420,4,0,1,1,0
420,5,1,0,2,0
421,0,2,1,1,0
421,1,1,0,1,0
421,2,2,1,0,0
421,3,1,0,0,0
421,4,1,1,0,0
421,5,0,1,0,0
421,6,3,0,1,1
421,7,1,0,1,1
421,8,2,2,1,0
421,9,0,1,0,0
421,10,3,0,1,0
421,11,1,2,0,0
422,0,3,1,0,0
422,1,0,0,0,1
422,2,2,0,1,0
422,3,0,0,0,1
422,4,1,0,0,0
422,5,0,0,0,1
422,6,2,1,0,0
422,7,1,0,0,0
422,8,0,0,0,1
422,9,2,0,0,0
423,0,2,0,0,0
423,1,1,0,1,1
423,2,0,1,0,0
423,3,2,1,1,0
423,4,0,1,0,0
423,5,2,0,1,0
423,6,0,1,1,0
423,7,3,1,0,1
423,8,0,1,0,0
423,9,1,0,2,0
423,10,3,1,1,0
424,0,1,0,0,0
424,1,0,0,0,1
424,2,4,0,1,0
424,3,1,0,0,0
424,4,0,3,1,0
424,5,0,2,1,0
424,6,0,0,1,0
424,7,1,0,0,0
424,8,0,0,1,0
425,0,2,1,0,0
425,1,1,0,1,0
425,2,1,0,1,0
425,3,5,0,0,0
425,4,0,2,0,0
425,5,0,0,1,0
425,6,0,2,1,0
425,7,1,0,0,0
425,8,2,2,0,0
426,0,1,1,0,0
426,1,0,0,0,1
426,2,0,1,0,0
426,3,0,0,0,1
426,4,1,0,1,0
426,5,2,0,0,0
426,6,1,0,0,0
426,7,0,0,0,1
426,8,2,1,0,0
426,9,0,2,0,1
426,10,1,0,0,0
426,11,2,0,0,0
426,12,2,0,0,0
426,13,2,0,0,0
427,0,2,2,0,0
427,1,1,0,0,0
427,2,1,1,0,0
427,3,0,1,1,0
427,4,3,1,0,0
427,5,2,1,0,0
427,6,1,0,0,0
427,7,0,0,1,0
428,0,2,0,0,0
428,1,0,0,1,1
428,2,1,0,2,0
428,3,0,3,0,0
428,4,1,2,0,0
428,5,2,0,0,0
428,6,0,1,1,0
429,0,1,0,0,0
429,1,0,1,0,0
429,2,2,2,0,1
429,3,1,0,0,0
429,4,1,0,0,0
429,5,1,0,0,0
429,6,0,1,0,0
429,7,3,0,0,0
430,0,0,0,1,0
430,1,1,0,1,0
430,2,1,2,1,0
430,3,1,0,1,0
430,4,1,0,0,1
430,5,4,1,0,1
431,0,3,2,0,0
431,1,3,0,0,0
431,2,2,0,0,0
431,3,0,0,1,0
431,4,2,1,0,0
431,5,2,1,0,0
431,6,0,0,0,1
431,7,2,0,0,0
431,8,3,0,1,0
431,9,1,0,0,0
431,10,1,0,2,0
431,11,0,2,2,0
431,12,1,0,0,0
431,13,1,0,0,0
432,0,0,1,0,0
432,1,0,0,1,0
432,2,1,1,2,1
432,3,0,0,0,1
432,4,1,0,0,0
432,5,3,1,0,0
432,6,1,0,0,0
432,7,1,0,0,0
432,8,2,0,0,0
432,9,2,1,0,0
432,10,2,0,0,0
433,0,0,3,0,0
433,1,0,0,0,1
433,2,0,0,0,1
433,3,0,0,1,0
433,4,0,0,0,1
433,5,2,3,0,1
433,6,1,0,0,0
433,7,1,0,0,0
433,8,4,1,0,0
433,9,2,1,0,0
433,10,3,0,1,0
433,11,1,0,2,0
433,12,1,1,0,1
433,13,1,1,0,0
433,14,1,0,1,0
433,15,4,0,1,0
434,0,0,0,1,0
434,1,1,0,0,0
434,2,1,1,0,1
434,3,1,3,1,0
434,4,1,0,0,0
434,5,1,0,0,0
434,6,1,0,0,0
434,7,0,0,1,0
434,8,2,2,1,0
435,0,2,1,1,0
435,1,0,1,1,1
435,2,0,1,0,0
435,3,1,0,1,0
435,4,0,0,1,2
436,0,1,1,1,0
436,1,1,0,0,0
436,2,2,0,0,0
436,3,3,1,0,0
436,4,1,0,0,0
436,5,0,1,1,0
436,6,2,1,0,0
436,7,0,0,1,1
437,0,2,1,1,0
437,1,2,1,0,0
437,2,1,0,1,0
437,3,1,0,1,0
437,4,3,0,0,1
437,5,0,0,0,1
437,6,1,1,0,0
437,7,1,1,0,0
438,0,0,1,1,0
438,1,1,0,1,0
438,2,1,0,1,0
438,3,1,0,0,0
438,4,0,0,1,2
438,5,0,1,0,1
438,6,1,1,0,0
438,7,2,2,1,1
438,8,3,1,0,0
438,9,0,3,0,0
438,10,3,0,2,0
439,0,3,3,1,0
439,1,0,0,0,1
439,2,1,0,0,0
439,3,1,1,2,0
439,4,2,1,1,0
439,5,0,0,2,0
439,6,0,0,1,0
440,0,1,0,0,0
440,1,2,0,1,0
440,2,0,1,1,0
440,3,0,0,1,1
440,4,0,1,0,0
440,5,1,1,0,0
440,6,1,1,1,0
441,0,3,3,0,1
441,1,1,1,1,0
441,2,1,0,0,0
441,3,2,0,1,2
441,4,0,1,0,0
441,5,2,0,1,0
441,6,1,0,1,0
441,7,1,1,0,0
441,8,1,1,0,0
441,9,0,1,0,0
442,0,1,0,0,0
442,1,2,0,0,1
442,2,2,1,0,0
442,3,1,1,0,1
442,4,4,0,0,0
442,5,0,0,0,1
442,6,2,0,0,0
442,7,3,1,0,0
442,8,2,1,0,0
442,9,1,1,0,0
443,0,1,0,0,1
443,1,0,2,0,1
443,2,0,0,0,1
443,3,0,2,1,0
443,4,1,2,0,0
443,5,0,2,0,0
443,6,3,0,1,0
444,0,1,0,2,1
444,1,2,1,1,1
444,2,0,1,0,0
444,3,5,1,0,0
444,4,1,1,0,0
444,5,1,1,0,1
444,6,3,2,3,0
444,7,2,3,1,1
444,8,1,0,0,2
444,9,1,0,0,0
444,10,0,0,1,0
444,11,1,1,0,0
445,0,1,2,0,1
445,1,1,1,0,0
445,2,1,0,1,0
445,3,3,1,0,0
445,4,3,0,1,0
445,5,0,0,1,1
445,6,1,1,0,0
445,7,1,2,0,0
445,8,0,0,1,0
445,9,1,0,0,0
445,10,0,2,0,0
446,0,0,1,0,1
446,1,0,0,0,1
446,2,2,1,0,0
446,3,0,1,0,0
446,4,0,3,0,0
446,5,1,0,0,0
446,6,1,1,0,0
446,7,1,0,0,0
446,8,0,1,2,0
446,9,0,1,1,0
446,10,1,0,1,0
446,11,1,1,0,0
446,12,0,1,0,0
447,0,0,2,1,0
447,1,0,0,1,1
447,2,2,1,1,0
447,3,1,0,0,0
447,4,0,0,1,0
447,5,0,1,0,0
448,0,1,2,0,0
448,1,1,1,0,0
448,2,1,0,1,0
448,3,0,1,0,0
448,4,2,0,1,0
448,5,2,1,1,0
448,6,1,0,0,0
448,7,1,2,0,0
448,8,1,0,0,0
449,0,0,1,1,0
449,1,1,1,0,0
449,2,2,1,0,0
449,3,1,0,0,0
449,4,1,0,0,0
449,5,2,0,0,0
450,0,1,2,0,0
450,1,1,3,0,0
450,2,0,0,0,1
450,3,2,0,0,0
450,4,1,1,0,0
450,5,2,0,2,0
450,6,1,0,0,1
451,0,1,1,0,0
451,1,2,1,0,2
451,2,0,3,0,0
451,3,1,0,1,1
451,4,1,3,0,1
451,5,1,0,1,0
451,6,1,0,1,0
451,7,1,0,0,0
451,8,1,0,1,0
451,9,3,1,0,0
451,10,2,1,0,0
451,11,1,1,0,0
452,0,2,1,0,1
452,1,1,0,0,0
452,2,1,0,0,0
452,3,0,0,1,0
452,4,0,1,0,0
452,5,0,1,0,0
452,6,2,1,1,0
452,7,1,0,0,0
452,8,2,0,1,0
452,9,1,1,2,0
452,10,2,0,0,1
452,11,1,1,0,0
453,0,2,0,0,0
453,1,2,3,0,0
453,2,1,0,0,0
453,3,1,1,0,0
453,4,0,2,0,0
453,5,1,1,0,0
453,6,3,1,1,0
453,7,1,1,0,0
453,8,1,1,1,0
453,9,2,1,0,0
453,10,1,3,0,0
453,11,1,0,0,0
453,12,2,0,0,0
453,13,1,0,0,1
453,14,1,1,0,1
453,15,0,0,0,1
453,16,2,1,0,0
454,0,2,4,0,0
454,1,2,2,0,0
454,2,0,0,1,0
454,3,1,1,0,0
454,4,1,2,0,0
454,5,3,0,0,0
454,6,1,1,0,0
454,7,2,0,1,0
454,8,0,1,2,1
454,9,1,2,0,0
454,10,2,0,1,0
454,11,4,3,0,0
454,12,2,0,0,0
454,13,1,0,1,0
454,14,4,1,0,0
455,0,1,1,0,0
455,1,2,0,0,0
455,2,1,0,0,0
455,3,1,0,0,2
455,4,2,0,0,1
456,0,2,0,0,0
456,1,1,0,1,0
456,2,3,2,0,2
456,3,0,0,1,0
456,4,1,2,0,0
456,5,1,0,0,0
456,6,1,1,1,1
456,7,3,0,1,0
457,0,0,1,0,0
457,1,1,0,0,0
457,2,1,0,0,0
457,3,1,0,0,2
457,4,0,0,1,0
457,5,1,0,1,1
457,6,1,0,0,0
457,7,1,1,2,0
457,8,0,1,0,1
458,0,1,0,0,0
458,1,1,0,0,1
458,2,0,1,0,0
458,3,1,0,1,0
458,4,3,3,0,0
458,5,2,1,0,0
458,6,0,0,0,1
458,7,1,1,4,0
458,8,3,1,0,0
458,9,1,1,1,0
458,10,0,0,0,1
459,0,3,0,0,2
459,1,1,1,0,0
459,2,1,0,0,0
459,3,1,0,1,0
459,4,3,0,0,0
459,5,1,0,0,0
459,6,2,0,0,0
459,7,3,0,1,0
459,8,0,0,1,0
460,0,1,1,1,0
460,1,1,1,0,0
460,2,2,1,0,0
460,3,0,0,1,0
460,4,1,0,0,0
460,5,1,1,1,1
460,6,4,0,0,0
460,7,1,0,1,0
460,8,1,0,0,0
460,9,1,0,0,0
460,10,1,1,0,1
460,11,1,2,0,0
460,12,0,0,1,1
460,13,3,1,0,0
460,14,2,1,0,0
460,15,1,1,0,1
460,16,1,0,2,0
460,17,2,0,0,0
461,0,4,1,0,1
461,1,2,0,0,0
461,2,2,0,0,0
461,3,0,0,1,0
461,4,1,0,1,0
461,5,1,0,0,0
461,6,1,0,0,0
461,7,3,1,0,0
461,8,2,2,0,1
461,9,3,0,0,0
461,10,2,0,0,0
461,11,1,1,1,0
461,12,2,1,0,0
461,13,1,0,0,0
461,14,0,0,1,0
462,0,1,0,0,0
462,1,1,0,0,0
462,2,0,0,1,0
462,3,2,1,0,0
462,4,1,1,2,0
462,5,3,0,0,0
462,6,1,0,0,0
462,7,2,0,1,0
462,8,2,0,0,0
462,9,1,0,0,0
463,0,2,1,1,0
463,1,1,1,0,0
463,2,3,0,1,1
463,3,0,0,1,0
463,4,1,0,1,0
463,5,1,0,1,2
463,6,1,0,1,0
463,7,0,3,1,0
463,8,2,0,1,0
463,9,3,0,0,0
463,10,1,1,1,1
463,11,1,2,0,0
464,0,1,1,0,1
464,1,1,2,0,0
464,2,2,1,0,0
464,3,3,1,1,0
464,4,1,0,1,0
464,5,0,1,1,0
464,6,1,0,0,0
464,7,0,1,0,0
464,8,1,3,0,1
464,9,0,1,0,0
464,10,2,0,1,0
464,11,2,0,0,0
464,12,1,0,0,1
464,13,0,0,1,0
465,0,1,0,0,0
465,1,1,0,2,0
465,2,0,0,1,0
465,3,0,1,0,0
465,4,0,1,1,1
465,5,3,0,0,0
465,6,1,1,2,0
465,7,4,0,0,0
466,0,1,2,0,0
466,1,1,0,0,0
466,2,1,1,2,0
466,3,0,0,0,1
466,4,0,1,0,0
466,5,1,1,0,0
466,6,1,1,3,1
467,0,0,1,0,0
467,1,2,1,0,0
467,2,0,0,0,1
467,3,0,0,1,0
467,4,1,0,0,0
467,5,1,0,0,0
467,6,0,0,0,1
467,7,0,1,1,1
467,8,2,0,0,0
467,9,2,0,0,0
468,0,2,1,1,0
468,1,2,1,1,0
468,2,2,0,0,0
468,3,1,0,0,0
468,4,1,0,1,0
468,5,2,0,0,1
468,6,1,0,0,0
468,7,2,0,0,0
468,8,2,1,0,0
468,9,0,1,2,0
469,0,1,0,1,0
469,1,0,0,1,0
469,2,1,2,0,1
469,3,2,3,0,0
469,4,4,0,0,0
469,5,1,0,0,0
469,6,0,1,1,0
469,7,1,0,1,0
469,8,2,0,0,1
469,9,1,1,1,0
469,10,4,0,0,1
470,0,2,1,1,0
470,1,1,1,1,2
470,2,2,0,0,0
470,3,2,1,0,0
470,4,1,0,1,0
470,5,0,1,0,0
470,6,0,2,0,0
470,7,2,0,1,0
470,8,1,1,0,0
470,9,5,0,1,0
470,10,1,1,1,0
470,11,0,1,0,0
470,12,0,1,1,0
470,13,1,0,0,0
470,14,0,2,0,0
471,0,1,0,0,0
471,1,0,1,0,0
471,2,2,0,0,0
471,3,1,1,0,1
471,4,0,0,1,0
471,5,0,2,0,0
471,6,2,1,0,1
472,0,0,1,0,0
472,1,2,0,0,0
472,2,0,1,2,0
472,3,2,0,0,0
472,4,2,1,1,0
472,5,1,0,0,0
472,6,0,0,1,0
472,7,1,2,0,0
472,8,1,1,1,0
472,9,0,1,1,0
473,0,0,1,0,0
473,1,1,0,1,0
473,2,2,0,1,0
473,3,0,1,1,0
473,4,3,0,0,0
473,5,1,0,0,0
473,6,2,0,0,0
473,7,1,1,1,0
473,8,1,1,0,0
474,0,0,1,0,0
474,1,1,0,0,0
474,2,0,0,1,0
474,3,2,0,0,0
474,4,1,0,2,0
474,5,2,0,2,0
474,6,0,1,1,0
474,7,4,0,0,1
474,8,2,0,0,0
474,9,1,0,0,0
474,10,1,0,1,0
474,11,0,1,0,0
475,0,2,0,0,0
475,1,1,0,0,0
475,2,1,0,0,0
476,0,2,0,0,0
476,1,0,4,0,0
476,2,0,0,1,0
476,3,1,1,1,0
476,4,2,3,1,1
476,5,0,1,2,0
476,6,2,1,0,1
476,7,2,0,0,0
476,8,0,0,1,0
477,0,1,0,0,0
477,1,1,0,0,0
477,2,1,0,0,0
477,3,1,1,0,0
477,4,1,1,0,0
477,5,3,1,1,0
477,6,3,1,0,0
477,7,1,0,0,0
477,8,1,0,0,0
477,9,1,0,0,1
478,0,1,0,0,0
478,1,0,2,0,0
478,2,1,0,0,0
478,3,0,0,2,0
478,4,0,0,2,0
478,5,2,0,0,0
478,6,1,0,0,0
478,7,2,0,1,0
478,8,1,3,0,1
478,9,2,0,0,0
478,10,1,0,1,0
478,11,3,1,0,0
478,12,3,0,0,2
478,13,0,1,0,0
478,14,1,0,0,0
479,0,2,1,0,0
479,1,1,0,1,0
479,2,0,0,1,0
479,3,0,1,0,0
479,4,2,2,0,0
479,5,1,0,0,0
479,6,1,1,0,0
479,7,1,1,0,0
479,8,1,0,0,0
479,9,2,1,0,0
480,0,1,2,1,1
480,1,0,0,1,0
480,2,1,0,0,0
480,3,1,2,0,0
480,4,1,0,0,1
480,5,1,1,1,0
480,6,0,1,0,0
480,7,1,0,1,0
480,8,0,1,0,0
480,9,1,0,0,0
480,10,1,0,1,0
480,11,1,1,0,1
481,0,0,1,1,0
481,1,1,0,1,0
481,2,1,2,1,0
481,3,2,0,1,1
481,4,3,0,0,0
481,5,0,0,1,0
481,6,1,2,1,0
481,7,1,1,1,0
482,0,2,1,0,0
482,1,0,0,1,0
482,2,1,1,1,0
482,3,2,0,0,1
482,4,1,0,1,0
482,5,0,0,1,0
483,0,4,1,1,0
483,1,2,1,0,0
483,2,2,0,1,0
483,3,1,0,1,2
483,4,0,1,1,0
483,5,1,1,0,0
483,6,0,1,1,0
484,0,1,0,0,0
484,1,0,2,0,0
484,2,2,0,1,0
484,3,0,0,0,1
484,4,1,0,0,0
484,5,0,0,1,0
484,6,1,2,0,0
484,7,0,1,0,0
484,8,0,0,0,1
485,0,1,0,0,1
485,1,3,0,0,0
485,2,1,1,1,1
485,3,1,1,0,0
485,4,1,0,0,2
485,5,1,1,2,0
485,6,0,1,0,0
485,7,0,1,0,0
485,8,1,0,1,0
485,9,1,1,0,0
485,10,1,0,0,0
486,0,0,1,2,0
486,1,1,2,0,0
486,2,1,1,0,0
486,3,0,2,0,0
486,4,1,1,0,0
486,5,0,1,0,1
486,6,0,1,0,0
486,7,0,1,0,0
486,8,0,1,0,0
486,9,3,0,1,0
486,10,2,1,1,0
487,0,2,0,1,1
487,1,1,1,1,0
487,2,1,0,1,0
487,3,1,1,0,0
487,4,1,0,0,0
487,5,1,0,0,0
487,6,0,0,1,1
487,7,1,0,0,1
487,8,6,0,0,2
487,9,2,1,0,0
487,10,1,1,1,0
487,11,2,1,1,0
487,12,2,0,0,0
487,13,0,0,1,0
488,0,2,1,0,0
488,1,2,1,0,1
488,2,1,0,1,0
488,3,2,1,0,0
488,4,0,1,1,0
489,0,1,2,0,0
489,1,3,0,1,0
489,2,1,0,0,1
489,3,0,1,1,0
489,4,0,0,1,1
489,5,0,1,0,0
489,6,0,1,2,0
489,7,2,0,0,0
489,8,1,1,1,0
489,9,2,1,0,0
489,10,2,2,0,0
489,11,0,1,2,0
490,0,4,1,1,1
490,1,2,1,1,1
490,2,2,0,1,0
490,3,0,1,0,0
490,4,3,0,1,0
490,5,1,0,0,0
490,6,1,1,1,0
490,7,0,0,1,0
490,8,0,3,1,0
490,9,1,4,1,0
491,0,1,1,0,0
491,1,6,0,1,0
491,2,0,0,0,1
491,3,0,0,1,0
492,0,1,1,1,1
492,1,2,0,0,0
492,2,0,1,0,0
492,3,2,0,0,0
492,4,2,0,0,0
492,5,2,2,1,1
492,6,2,0,0,1
492,7,0,1,0,1
492,8,2,1,0,0
492,9,1,2,2,0
492,10,1,0,0,1
493,0,1,0,0,0
493,1,1,0,0,0
493,2,0,0,0,1
493,3,0,0,1,1
493,4,1,1,0,0
493,5,0,3,0,0
493,6,0,0,0,1
493,7,0,1,0,0
494,0,2,1,1,0
494,1,1,1,0,1
494,2,0,0,1,0
494,3,0,1,2,0
495,0,2,0,0,0
495,1,0,2,0,0
495,2,0,0,2,1
495,3,2,0,0,0
495,4,2,4,1,0
495,5,2,1,0,0
495,6,0,1,0,0
495,7,1,2,0,0
495,8,0,1,0,1
495,9,0,1,0,0
495,10,2,0,1,0
495,11,2,0,0,0
495,12,1,0,0,0
495,13,0,0,1,0
495,14,1,2,0,0
496,0,0,1,0,0
496,1,0,1,0,0
496,2,0,1,0,0
496,3,1,0,1,0
496,4,0,0,1,1
496,5,2,0,0,1
496,6,2,0,1,1
496,7,0,2,1,1
496,8,2,0,0,0
497,0,0,0,1,0
497,1,2,0,1,0
497,2,1,1,1,0
497,3,1,2,2,0
497,4,1,0,0,0
497,5,7,2,0,0
497,6,1,0,1,0
497,7,2,2,0,0
497,8,2,0,1,0
497,9,1,1,0,0
497,10,1,0,1,0
497,11,1,2,0,1
497,12,2,2,0,0
498,0,0,1,0,0
498,1,1,1,1,0
498,2,2,1,0,0
498,3,1,0,0,0
498,4,1,0,1,0
498,5,1,1,0,0
499,0,3,0,0,0
499,1,1,0,0,0
499,2,0,1,0,1
499,3,3,1,1,0
499,4,2,1,0,0
499,5,2,1,0,0
499,6,1,2,0,0
499,7,0,1,0,0
500,0,2,2,1,1
500,1,1,2,1,1
500,2,1,0,2,0
500,3,1,1,1,0
500,4,0,0,1,1
501,0,1,1,0,1
501,1,0,0,0,1
501,2,1,1,0,0
501,3,3,0,1,0
501,4,1,0,0,0
501,5,2,1,0,0
501,6,0,0,0,1
501,7,2,1,1,0
501,8,1,0,0,0
502,0,2,0,0,0
502,1,1,2,1,0
502,2,1,1,0,0
502,3,4,0,0,0
502,4,4,0,1,0
502,5,0,0,0,1
502,6,2,1,0,0
502,7,0,0,1,0
502,8,1,0,0,0
502,9,0,2,1,1
502,10,0,1,1,0
502,11,0,0,0,1
502,12,2,1,0,1
502,13,1,0,0,0
502,14,1,1,0,0
503,0,4,0,1,0
503,1,0,1,0,0
503,2,0,0,0,1
503,3,1,0,0,0
503,4,2,1,0,1
503,5,2,0,0,0
503,6,1,0,2,0
503,7,0,1,0,0
503,8,1,1,0,0
503,9,1,0,0,0
503,10,0,0,0,1
503,11,0,0,1,0
503,12,0,1,0,0
