t,arrival_idx,max_wtp,TEU,FEU,HC,REEF
0,0,2647.88,1,0,0,0
1,0,10613.35,0,1,1,0
1,1,17859.50,1,1,0,1
1,2,6376.18,0,1,0,0
1,3,11614.13,0,0,0,1
1,4,14387.32,1,0,0,1
2,0,23258.51,3,1,2,0
2,1,20821.72,3,2,0,0
2,2,17904.25,2,1,1,0
2,3,20917.85,3,0,1,1
2,4,8989.38,1,1,0,0
2,5,10105.04,2,0,1,0
3,0,2670.55,1,0,0,0
3,1,6560.18,2,0,0,0
3,2,13496.14,1,1,1,0
3,3,17043.44,2,2,0,0
4,0,5982.76,0,0,1,0
4,1,9378.38,1,1,0,0
4,2,3446.10,1,0,0,0
4,3,13520.68,2,1,0,0
5,0,27977.06,3,0,1,1
5,1,5964.35,2,0,0,0
5,2,3459.54,1,0,0,0
7,0,3113.97,1,0,0,0
7,1,5045.30,0,1,0,0
7,2,3023.28,1,0,0,0
8,0,20908.31,2,0,2,0
8,1,18010.66,0,0,2,1
8,2,6858.05,2,0,0,0
8,3,6563.83,2,0,0,0
8,4,3151.40,1,0,0,0
8,5,3002.68,1,0,0,0
9,0,3288.94,1,0,0,0
9,1,17371.75,1,0,2,0
9,2,2663.80,1,0,0,0
9,3,5391.57,0,0,1,0
10,0,9405.26,1,1,0,0
10,1,14901.82,3,1,0,0
10,2,17386.25,2,0,0,1
10,3,2956.57,1,0,0,0
11,0,59476.50,1,1,2,3
11,1,17691.93,0,0,2,1
11,2,18248.69,3,0,2,0
12,0,13132.75,1,0,0,1
12,1,18734.05,3,2,0,0
12,2,5721.44,0,1,0,0
12,3,5389.63,2,0,0,0
12,4,5326.16,2,0,0,0
12,5,14713.88,0,0,1,1
12,6,20791.23,3,1,1,0
13,0,2604.05,1,0,0,0
13,1,3469.27,1,0,0,0
13,2,5891.77,2,0,0,0
13,3,9743.22,0,0,2,0
13,4,20103.30,0,3,0,0
14,0,30085.92,1,1,3,0
14,1,7890.01,1,1,0,0
14,2,12320.65,2,0,1,0
15,0,11076.88,0,0,0,1
15,1,9865.96,1,1,0,0
16,0,11607.93,2,1,0,0
17,0,10243.58,3,0,0,0
17,1,6761.13,0,0,1,0
18,0,36110.39,0,1,2,2
18,1,12474.65,1,0,0,1
18,2,18507.16,2,0,0,1
19,0,13656.81,1,0,0,1
19,1,12118.69,1,0,0,1
20,0,29703.18,4,1,2,0
20,1,4788.46,0,1,0,0
20,2,7054.29,0,0,1,0
21,0,16432.34,2,2,0,0
21,1,12700.56,1,0,0,1
21,2,13897.36,2,0,1,0
22,0,9675.57,0,2,0,0
22,1,9452.22,1,0,1,0
23,0,2755.31,1,0,0,0
23,1,5759.27,0,0,1,0
23,2,18738.32,0,1,0,1
23,3,14719.44,3,1,0,0
23,4,20228.77,1,2,1,0
24,0,2911.33,1,0,0,0
24,1,3259.18,1,0,0,0
24,2,10919.92,0,0,2,0
24,3,12795.32,1,0,0,1
25,0,3641.28,1,0,0,0
25,1,24497.04,0,0,1,2
25,2,26860.55,1,0,0,3
25,3,7119.28,0,0,1,0
26,0,7164.93,0,0,1,0
26,1,3598.30,1,0,0,0
27,0,5221.07,0,0,1,0
28,0,6317.23,2,0,0,0
28,1,6767.17,0,0,1,0
28,2,3364.17,1,0,0,0
29,0,20936.38,2,2,0,0
29,1,16937.92,2,1,1,0
30,0,18475.88,3,2,0,0
30,1,6592.33,0,0,1,0
31,0,2721.21,1,0,0,0
31,1,8006.04,3,0,0,0
32,0,6436.46,0,1,0,0
32,1,2764.43,1,0,0,0
32,2,21923.39,4,0,0,1
32,3,27044.97,1,1,1,1
32,4,17343.65,3,1,0,0
32,5,8623.43,1,1,0,0
33,0,3514.13,1,0,0,0
34,0,14303.44,2,2,0,0
34,1,6663.94,2,0,0,0
35,0,23304.80,3,2,0,0
35,1,6122.38,2,0,0,0
35,2,10164.90,1,0,1,0
36,0,8204.16,1,0,1,0
36,1,17114.32,0,1,0,1
37,0,6820.56,2,0,0,0
38,0,3736.44,1,0,0,0
38,1,20888.04,0,1,1,1
38,2,31412.42,0,2,1,1
38,3,13599.74,1,0,0,1
39,0,18980.94,1,0,1,1
39,1,3567.78,1,0,0,0
40,0,14091.14,1,2,0,0
40,1,6690.98,0,0,1,0
40,2,13581.76,1,1,1,0
40,3,16802.70,1,0,1,1
41,0,3019.27,1,0,0,0
42,0,18742.70,3,2,0,0
42,1,10122.87,0,0,0,1
42,2,14214.77,2,2,0,0
44,0,10929.10,1,0,0,1
44,1,2867.42,1,0,0,0
44,2,12722.62,2,0,1,0
45,0,11185.85,2,0,1,0
45,1,3618.74,1,0,0,0
45,2,26596.84,4,0,0,1
45,3,9881.49,1,0,1,0
46,0,10481.37,4,0,0,0
46,1,20466.70,3,0,0,1
47,0,17113.74,3,0,0,1
47,1,4907.80,0,0,1,0
47,2,22341.80,3,1,1,0
47,3,11224.86,3,0,0,0
47,4,2611.90,1,0,0,0
47,5,3628.68,1,0,0,0
48,0,6458.24,0,0,1,0
48,1,10923.48,3,0,0,0
48,2,3570.01,1,0,0,0
49,0,5298.57,0,1,0,0
49,1,41955.55,3,0,3,2
50,0,9080.13,0,0,0,1
50,1,22386.38,2,1,1,1
50,2,26339.95,4,0,2,0
50,3,9709.37,2,1,0,0
51,0,6331.72,0,1,0,0
51,1,10523.22,1,0,1,0
51,2,2900.25,1,0,0,0
51,3,17363.90,0,3,0,0
52,0,2832.10,1,0,0,0
52,1,48407.99,4,4,1,1
52,2,6672.81,0,1,0,0
53,0,17900.74,1,2,1,0
54,0,6596.16,2,0,0,0
54,1,9844.56,0,0,0,1
54,2,2952.49,1,0,0,0
54,3,9049.57,1,1,0,0
55,0,14525.15,0,0,1,1
55,1,13132.67,1,0,2,0
55,2,3217.18,1,0,0,0
55,3,5396.85,2,0,0,0
56,0,18518.88,1,1,2,0
56,1,5985.20,0,1,0,0
56,2,9802.15,0,0,0,1
56,3,16673.70,1,0,2,0
56,4,21085.48,1,3,0,0
56,5,5609.75,2,0,0,0
56,6,9659.44,2,1,0,0
57,0,14972.75,0,1,0,1
57,1,10080.38,1,0,1,0
57,2,4595.16,0,1,0,0
57,3,6451.83,2,0,0,0
57,4,22606.64,2,2,1,0
57,5,17809.47,1,2,1,0
58,0,8892.44,1,0,1,0
58,1,7013.48,0,0,1,0
58,2,18966.61,2,0,0,1
58,3,8234.84,1,1,0,0
58,4,54927.51,4,2,1,2
58,5,3378.30,1,0,0,0
59,0,20189.04,3,2,0,0
59,1,8946.90,1,0,1,0
59,2,7399.81,1,1,0,0
59,3,12526.59,1,0,0,1
60,0,25190.62,0,3,1,0
61,0,3271.50,1,0,0,0
61,1,2685.77,1,0,0,0
62,0,14903.57,1,1,1,0
62,1,5769.97,0,1,0,0
62,2,5478.70,0,0,1,0
62,3,5639.45,0,1,0,0
62,4,26715.78,4,1,1,0
63,0,8358.33,1,0,1,0
64,0,5421.66,0,1,0,0
64,1,15672.26,0,2,1,0
65,0,17324.42,2,0,2,0
65,1,15738.55,1,0,0,1
66,0,17684.65,1,0,1,1
66,1,5936.31,0,1,0,0
66,2,3435.71,1,0,0,0
67,0,3146.31,1,0,0,0
67,1,3631.92,1,0,0,0
67,2,3529.91,1,0,0,0
67,3,4926.53,0,1,0,0
67,4,5468.20,0,0,1,0
68,0,4773.55,0,1,0,0
68,1,11848.48,0,1,1,0
68,2,6974.34,2,0,0,0
69,0,11818.64,1,0,0,1
69,1,21094.62,1,3,0,0
69,2,14242.95,2,2,0,0
71,0,5914.70,0,1,0,0
71,1,13559.47,1,0,0,1
71,2,3136.22,1,0,0,0
71,3,9837.76,2,0,1,0
71,4,3087.21,1,0,0,0
71,5,2538.66,1,0,0,0
72,0,11677.12,0,0,0,1
72,1,22556.16,2,0,0,2
73,0,8409.29,0,0,0,1
73,1,16268.67,1,1,0,1
75,0,15414.87,1,0,0,1
75,1,18606.75,0,1,2,0
75,2,11071.19,0,0,0,1
75,3,15001.08,2,0,0,1
75,4,8720.81,0,0,0,1
77,0,9593.77,1,1,0,0
77,1,2572.07,1,0,0,0
77,2,5718.41,2,0,0,0
78,0,11707.93,0,2,0,0
79,0,5602.81,0,1,0,0
79,1,17386.70,1,1,0,1
79,2,5873.27,0,0,1,0
80,0,9250.89,3,0,0,0
80,1,13481.42,1,1,1,0
80,2,15402.88,1,0,0,1
80,3,13008.22,2,0,0,1
81,0,18214.93,0,1,0,1
81,1,19692.32,1,0,1,1
82,0,11749.16,2,0,1,0
82,1,6578.30,0,1,0,0
82,2,25887.07,2,1,0,1
82,3,34738.73,1,0,1,2
82,4,30718.59,0,2,3,0
82,5,22928.22,1,1,1,1
83,0,23767.38,4,0,0,1
83,1,26898.37,0,1,3,0
85,0,15910.86,2,2,0,0
85,1,8394.98,1,1,0,0
85,2,5406.36,0,1,0,0
86,0,8647.62,1,0,1,0
86,1,26485.27,2,1,3,0
87,0,6172.70,2,0,0,0
87,1,18364.64,0,2,0,1
87,2,24733.45,1,1,2,0
88,0,5148.58,0,1,0,0
88,1,20578.68,1,0,1,1
88,2,10732.21,0,0,0,1
89,0,2998.14,1,0,0,0
90,0,5415.80,0,0,1,0
91,0,5406.02,0,1,0,0
91,1,8564.07,0,0,0,1
91,2,9761.01,1,1,0,0
91,3,15303.08,1,1,1,0
92,0,11205.87,1,0,0,1
92,1,3736.72,1,0,0,0
92,2,24848.39,2,0,1,1
92,3,21535.05,3,1,0,1
93,0,3493.45,1,0,0,0
94,0,17317.82,2,2,0,0
94,1,3083.89,1,0,0,0
94,2,6505.89,2,0,0,0
95,0,7353.01,2,0,0,0
95,1,10056.84,1,1,0,0
95,2,20468.66,3,0,0,1
95,3,21395.35,2,1,1,0
96,0,10467.52,1,1,0,0
96,1,8979.55,1,1,0,0
96,2,10412.85,1,1,0,0
97,0,10814.48,2,0,1,0
97,1,2748.60,1,0,0,0
97,2,10573.55,1,0,1,0
97,3,30522.11,1,2,2,0
99,0,17841.59,2,1,1,0
99,1,7396.62,1,1,0,0
100,0,26460.95,1,2,0,1
100,1,11611.26,2,1,0,0
100,2,5872.24,2,0,0,0
100,3,17666.07,1,2,1,0
101,0,3214.13,1,0,0,0
101,1,9352.98,0,0,0,1
101,2,7163.75,1,1,0,0
101,3,5427.83,0,1,0,0
101,4,32879.15,2,2,0,2
101,5,15484.73,1,2,0,0
102,0,11459.91,0,0,0,1
102,1,3333.75,1,0,0,0
102,2,6312.51,2,0,0,0
103,0,11022.18,0,0,0,1
103,1,7036.72,1,1,0,0
103,2,18544.72,0,0,1,1
103,3,14281.57,1,1,1,0
103,4,30143.80,3,3,0,0
104,0,6016.68,0,0,1,0
104,1,4778.45,0,1,0,0
105,0,3010.70,1,0,0,0
106,0,2871.65,1,0,0,0
106,1,13815.14,2,0,1,0
106,2,10241.50,1,0,1,0
107,0,23462.03,2,0,0,2
107,1,10356.12,1,1,0,0
108,0,5220.56,0,1,0,0
108,1,6367.68,2,0,0,0
109,0,15157.21,5,0,0,0
109,1,12816.86,0,2,0,0
109,2,3654.53,1,0,0,0
109,3,11709.17,4,0,0,0
109,4,16999.56,2,0,2,0
110,0,16220.07,0,1,0,1
111,0,6331.23,0,1,0,0
111,1,12014.25,0,1,1,0
111,2,5879.31,0,0,1,0
111,3,26578.14,2,3,0,0
111,4,6497.76,0,1,0,0
112,0,15948.72,3,1,0,0
112,1,6684.30,2,0,0,0
113,0,3119.48,1,0,0,0
113,1,17144.07,1,1,1,0
113,2,10241.69,0,0,2,0
114,0,5642.74,0,1,0,0
114,1,6422.93,0,0,1,0
114,2,6362.74,0,1,0,0
115,0,10610.36,3,0,0,0
116,0,33610.43,2,0,2,1
116,1,5349.56,2,0,0,0
117,0,20371.73,0,2,1,0
117,1,8999.55,1,1,0,0
117,2,13404.23,0,2,0,0
117,3,3483.99,1,0,0,0
118,0,43661.52,1,3,2,1
118,1,4700.03,0,1,0,0
118,2,7043.13,1,1,0,0
118,3,31659.22,5,1,1,0
118,4,18293.19,0,1,1,1
119,0,6142.26,0,0,1,0
119,1,11583.11,2,1,0,0
119,2,21165.99,0,0,2,1
119,3,8263.65,0,0,0,1
119,4,12626.80,1,1,1,0
119,5,21670.90,1,2,1,0
120,0,9259.91,1,1,0,0
120,1,6866.19,0,0,1,0
120,2,2750.84,1,0,0,0
121,0,3021.53,1,0,0,0
121,1,5859.88,0,1,0,0
121,2,26038.26,3,3,0,0
122,0,20174.71,2,1,0,1
122,1,14616.13,2,0,0,1
123,0,25064.48,1,0,2,1
123,1,9818.16,0,2,0,0
124,0,4888.79,0,1,0,0
124,1,14918.73,0,1,0,1
125,0,18014.15,2,1,0,1
125,1,20216.56,2,1,1,0
126,0,9284.83,1,0,1,0
126,1,10986.31,3,0,0,0
126,2,7627.94,1,0,1,0
127,0,6047.54,0,0,1,0
127,1,6068.83,2,0,0,0
127,2,12851.40,0,0,1,1
128,0,14121.56,2,0,1,0
128,1,10277.60,3,0,0,0
129,0,10340.46,1,0,1,0
129,1,18456.93,0,0,1,1
129,2,9953.47,1,1,0,0
129,3,6083.64,2,0,0,0
130,0,21047.65,2,1,1,0
130,1,3154.63,1,0,0,0
130,2,4985.52,0,1,0,0
130,3,12445.96,1,2,0,0
131,0,9197.31,1,0,1,0
131,1,7459.02,1,1,0,0
131,2,34787.19,3,2,2,1
132,0,15204.55,1,2,0,0
132,1,13745.16,0,3,0,0
132,2,6327.71,0,0,1,0
132,3,16493.86,1,1,0,1
132,4,32058.18,3,3,2,0
134,0,6150.55,0,0,1,0
134,1,5861.43,0,1,0,0
134,2,5340.70,0,0,1,0
134,3,12083.14,2,1,0,0
134,4,19511.18,2,1,1,0
134,5,17637.55,3,1,0,0
135,0,4941.73,0,0,1,0
135,1,6951.38,2,0,0,0
135,2,3547.16,1,0,0,0
136,0,21710.77,1,2,1,0
136,1,8444.70,0,0,0,1
136,2,16086.13,1,2,0,0
136,3,19823.62,1,2,0,1
137,0,3603.66,1,0,0,0
138,0,20404.73,2,2,0,0
138,1,14240.83,1,1,1,0
138,2,12681.55,1,0,0,1
139,0,23555.97,3,0,2,0
139,1,6655.42,0,1,0,0
139,2,26583.15,2,3,0,0
140,0,9461.89,0,0,0,1
140,1,7785.94,1,1,0,0
140,2,11043.57,2,1,0,0
140,3,7455.01,2,0,0,0
140,4,9236.23,1,0,1,0
140,5,6432.05,2,0,0,0
141,0,12934.01,2,1,0,0
141,1,16573.17,1,0,2,0
141,2,6609.73,0,1,0,0
141,3,10430.27,1,0,1,0
141,4,12070.08,2,1,0,0
142,0,6628.18,0,1,0,0
143,0,10164.56,2,1,0,0
143,1,3213.76,1,0,0,0
143,2,16820.55,1,2,0,0
143,3,11245.61,3,0,0,0
144,0,16471.82,0,0,3,0
144,1,10166.07,0,0,0,1
144,2,35217.81,0,3,1,1
144,3,6063.06,0,1,0,0
146,0,2622.73,1,0,0,0
146,1,6722.18,2,0,0,0
146,2,3564.82,1,0,0,0
147,0,6313.97,0,0,1,0
147,1,17283.34,1,0,1,1
147,2,11816.59,2,0,1,0
147,3,2771.99,1,0,0,0
148,0,10730.34,2,1,0,0
148,1,9974.15,0,1,1,0
148,2,15798.67,0,1,0,1
148,3,15994.98,1,0,1,1
150,0,7518.59,1,0,1,0
150,1,5642.44,0,1,0,0
150,2,6566.43,0,0,1,0
150,3,18402.75,2,1,1,0
150,4,24122.84,2,1,2,0
150,5,5342.17,0,1,0,0
151,0,2838.62,1,0,0,0
152,0,7726.02,1,1,0,0
152,1,5979.49,0,0,1,0
152,2,11391.35,0,2,0,0
153,0,11601.47,2,0,1,0
153,1,8247.51,0,0,0,1
153,2,25151.75,1,3,1,0
153,3,3039.85,1,0,0,0
153,4,7255.09,2,0,0,0
154,0,12420.82,1,1,1,0
154,1,9238.04,1,1,0,0
154,2,2940.92,1,0,0,0
155,0,16397.36,2,2,0,0
155,1,4904.18,0,1,0,0
155,2,15712.80,1,1,1,0
155,3,27254.81,2,1,1,1
156,0,17899.60,0,0,1,1
156,1,6720.44,0,1,0,0
156,2,8130.13,3,0,0,0
157,0,15051.95,1,2,0,0
157,1,10964.50,3,0,0,0
157,2,6345.65,0,0,1,0
157,3,3430.03,1,0,0,0
157,4,26619.95,2,0,1,1
158,0,9625.61,1,0,1,0
158,1,14031.81,3,1,0,0
158,2,6324.92,0,1,0,0
159,0,3724.03,1,0,0,0
159,1,5980.54,0,1,0,0
160,0,18484.24,4,0,1,0
161,0,18811.19,0,2,1,0
161,1,2749.87,1,0,0,0
162,0,11831.97,2,1,0,0
162,1,10994.70,1,0,0,1
162,2,2742.41,1,0,0,0
163,0,17297.36,1,1,1,0
163,1,5209.18,0,0,1,0
163,2,33085.78,4,1,3,0
163,3,5154.13,0,1,0,0
163,4,18965.04,2,3,0,0
164,0,6270.52,0,1,0,0
165,0,6838.15,2,0,0,0
165,1,7375.61,2,0,0,0
165,2,5596.61,0,0,1,0
166,0,2796.96,1,0,0,0
166,1,12988.51,2,0,1,0
167,0,5820.45,2,0,0,0
167,1,10518.57,3,0,0,0
168,0,8015.91,3,0,0,0
168,1,2612.66,1,0,0,0
168,2,12319.61,2,0,1,0
168,3,14048.46,2,1,0,0
169,0,6289.34,0,1,0,0
169,1,24834.14,5,1,1,0
170,0,28774.32,2,0,2,1
170,1,7705.13,3,0,0,0
170,2,30679.90,3,0,3,0
171,0,18414.60,1,3,0,0
171,1,18778.17,1,0,1,1
171,2,5362.44,0,0,1,0
171,3,6690.16,0,0,1,0
172,0,17117.19,3,1,0,0
172,1,10499.09,1,1,0,0
173,0,12262.49,1,1,1,0
173,1,4545.56,0,1,0,0
174,0,9383.56,3,0,0,0
174,1,7950.92,1,0,1,0
174,2,7544.83,3,0,0,0
174,3,7311.78,2,0,0,0
174,4,5405.57,0,1,0,0
175,0,7582.19,1,0,1,0
175,1,13446.29,1,2,0,0
175,2,44645.47,4,0,0,3
175,3,15642.81,1,0,2,0
175,4,13418.76,1,2,0,0
175,5,3102.36,1,0,0,0
176,0,29001.38,1,3,1,0
176,1,7093.55,1,1,0,0
177,0,11600.27,0,1,1,0
177,1,7093.71,0,0,1,0
177,2,10508.29,1,0,1,0
178,0,11645.31,2,1,0,0
178,1,11610.97,1,2,0,0
178,2,3135.81,1,0,0,0
178,3,8321.95,0,0,0,1
178,4,18630.27,0,1,0,1
179,0,10270.75,1,1,0,0
179,1,9715.46,1,0,1,0
179,2,2676.98,1,0,0,0
180,0,6701.97,2,0,0,0
180,1,5920.17,0,0,1,0
180,2,19837.85,1,0,1,1
181,0,17798.02,0,1,1,1
181,1,13570.02,1,0,0,1
182,0,15126.40,2,1,1,0
182,1,5827.57,0,1,0,0
183,0,7717.66,1,1,0,0
183,1,28568.43,2,1,1,1
183,2,20860.40,4,0,0,1
183,3,7153.11,0,0,1,0
184,0,20021.41,3,1,1,0
184,1,5095.96,0,0,1,0
184,2,2645.47,1,0,0,0
184,3,5612.84,0,1,0,0
185,0,9905.78,0,0,0,1
186,0,21999.94,3,1,1,0
186,1,18966.75,2,1,1,0
187,0,17892.81,2,2,0,0
187,1,22381.66,0,2,2,0
187,2,8621.42,1,0,1,0
187,3,10445.21,2,1,0,0
187,4,8830.19,0,0,0,1
187,5,19928.37,0,1,2,0
189,0,21339.65,1,1,0,1
189,1,11611.98,0,0,0,1
189,2,5703.09,0,1,0,0
189,3,23268.32,1,0,3,0
189,4,6147.10,2,0,0,0
190,0,3573.41,1,0,0,0
190,1,3345.64,1,0,0,0
190,2,19186.63,2,1,1,0
190,3,17832.09,2,2,0,0
190,4,17974.67,2,0,0,1
191,0,5135.93,0,1,0,0
191,1,3591.04,1,0,0,0
191,2,12481.27,0,2,0,0
191,3,40296.29,4,2,0,2
191,4,26189.16,4,0,1,1
192,0,27305.87,2,2,1,0
192,1,20902.27,1,1,0,1
192,2,6763.16,0,0,1,0
192,3,5755.44,0,1,0,0
192,4,5344.67,0,0,1,0
192,5,6161.48,2,0,0,0
193,0,9241.35,1,0,1,0
193,1,29586.49,4,1,2,0
193,2,13154.78,3,1,0,0
194,0,5603.82,0,1,0,0
194,1,7106.03,2,0,0,0
194,2,16704.46,2,2,0,0
194,3,5202.26,0,1,0,0
194,4,30514.63,3,1,2,0
194,5,19352.60,2,0,1,1
196,0,19209.53,0,1,3,0
196,1,6006.43,0,0,1,0
196,2,3264.98,1,0,0,0
196,3,19190.34,0,3,0,0
196,4,6589.02,0,1,0,0
197,0,6084.45,0,1,0,0
197,1,19194.45,3,0,0,1
197,2,2781.01,1,0,0,0
197,3,5962.87,2,0,0,0
198,0,5082.68,0,1,0,0
198,1,13105.33,1,0,0,1
199,0,2624.13,1,0,0,0
200,0,5138.00,0,1,0,0
200,1,3077.00,1,0,0,0
200,2,6580.00,0,1,0,0
201,0,24158.59,5,1,0,0
201,1,10335.22,2,0,1,0
202,0,17582.71,3,1,0,0
202,1,13762.22,1,2,0,0
202,2,5225.47,0,1,0,0
202,3,19857.37,4,0,1,0
203,0,12670.42,3,0,1,0
203,1,4678.34,0,1,0,0
203,2,15246.22,3,1,0,0
203,3,5645.19,0,1,0,0
204,0,11477.88,0,0,0,1
205,0,12833.01,2,0,1,0
205,1,10141.47,1,0,1,0
206,0,9099.11,0,2,0,0
206,1,11809.56,0,1,1,0
206,2,10421.81,2,1,0,0
207,0,14139.40,1,1,1,0
207,1,23074.17,3,1,0,1
207,2,15045.19,2,0,0,1
207,3,6663.41,2,0,0,0
208,0,7442.40,1,0,1,0
208,1,12719.96,0,2,0,0
208,2,11753.05,0,0,0,1
209,0,10333.25,1,0,1,0
209,1,5670.42,0,0,1,0
209,2,14278.76,3,0,1,0
209,3,3570.87,1,0,0,0
210,0,15744.60,1,1,0,1
210,1,15903.21,2,2,0,0
210,2,6399.37,0,1,0,0
210,3,3732.95,1,0,0,0
211,0,9569.88,1,1,0,0
211,1,14355.22,4,0,0,0
211,2,5633.66,0,0,1,0
211,3,5177.26,0,1,0,0
212,0,9400.47,0,0,0,1
213,0,2858.80,1,0,0,0
213,1,13176.75,0,0,2,0
213,2,21735.61,2,3,0,0
214,0,8564.86,1,1,0,0
214,1,18070.62,1,0,2,0
214,2,15345.59,2,0,0,1
214,3,9519.23,0,1,1,0
215,0,6102.60,0,1,0,0
215,1,9775.32,0,0,0,1
215,2,7907.38,1,1,0,0
215,3,5109.07,2,0,0,0
215,4,23553.99,1,2,0,1
216,0,2808.81,1,0,0,0
216,1,25408.67,0,0,2,1
217,0,38724.47,2,1,2,1
217,1,5614.29,0,0,1,0
217,2,11788.70,2,0,1,0
217,3,15626.95,0,2,1,0
218,0,10544.58,0,0,0,1
218,1,9527.14,2,1,0,0
218,2,10422.82,1,1,0,0
218,3,3075.56,1,0,0,0
218,4,3117.73,1,0,0,0
218,5,11315.34,1,0,0,1
219,0,18039.44,2,0,0,1
219,1,3396.35,1,0,0,0
220,0,11488.53,2,1,0,0
220,1,12958.24,1,2,0,0
220,2,8081.63,3,0,0,0
220,3,32274.07,3,1,2,0
221,0,4819.46,0,1,0,0
222,0,6668.67,0,0,1,0
222,1,12093.00,0,1,1,0
222,2,13292.63,0,0,1,1
223,0,6426.05,2,0,0,0
223,1,27219.07,2,2,0,1
223,2,4605.18,0,1,0,0
223,3,18234.95,1,3,0,0
224,0,15315.11,0,0,1,1
224,1,3094.37,1,0,0,0
224,2,6651.91,0,0,1,0
225,0,6012.41,0,0,1,0
225,1,19924.72,2,2,1,0
225,2,22748.90,3,0,0,1
225,3,13449.74,1,0,2,0
226,0,19475.54,2,1,0,1
226,1,6562.67,2,0,0,0
227,0,5094.58,2,0,0,0
227,1,9308.83,1,1,0,0
227,2,15441.97,1,0,0,1
227,3,5948.69,0,1,0,0
227,4,13557.11,0,0,1,1
227,5,5896.79,0,1,0,0
228,0,4893.54,0,1,0,0
228,1,8299.52,0,0,0,1
229,0,16574.79,1,1,1,0
229,1,20195.68,2,0,2,0
229,2,3350.13,1,0,0,0
230,0,15137.28,2,2,0,0
230,1,9088.89,0,0,0,1
230,2,18582.58,0,0,1,1
230,3,2709.25,1,0,0,0
231,0,10365.54,2,1,0,0
231,1,8753.22,1,1,0,0
231,2,11565.93,0,0,0,1
231,3,17868.08,2,0,0,1
232,0,20787.59,2,1,1,0
232,1,6144.17,0,1,0,0
232,2,9010.71,3,0,0,0
232,3,25041.10,2,0,1,1
232,4,23952.99,7,0,0,0
232,5,9537.36,1,0,1,0
233,0,3744.92,1,0,0,0
233,1,13846.76,1,0,0,1
233,2,30000.46,4,2,1,0
233,3,20730.82,1,3,0,0
233,4,16253.93,1,2,0,0
234,0,11334.14,2,1,0,0
235,0,2701.10,1,0,0,0
235,1,10066.12,1,0,1,0
236,0,9577.43,1,0,1,0
237,0,10929.29,0,1,1,0
237,1,14130.43,1,0,0,1
237,2,15801.75,1,0,1,1
237,3,7418.88,1,0,1,0
238,0,21665.19,1,4,0,0
238,1,3343.23,1,0,0,0
239,0,5111.83,2,0,0,0
239,1,7885.26,1,1,0,0
240,0,7497.84,2,0,0,0
240,1,14172.60,2,1,0,0
240,2,3656.28,1,0,0,0
241,0,2713.91,1,0,0,0
241,1,37863.20,2,0,1,2
242,0,9479.84,1,0,1,0
242,1,17980.84,3,1,1,0
242,2,5405.46,0,1,0,0
242,3,3277.76,1,0,0,0
243,0,3402.75,1,0,0,0
243,1,8528.37,1,0,1,0
243,2,16714.12,2,0,0,1
243,3,14079.29,2,0,1,0
244,0,37760.92,1,3,2,0
245,0,12405.47,2,1,0,0
245,1,6321.56,0,1,0,0
245,2,35271.29,2,1,2,1
245,3,7988.62,1,0,1,0
245,4,14513.80,4,0,0,0
246,0,20425.84,3,1,1,0
246,1,8704.78,0,0,0,1
247,0,17833.38,0,0,1,1
248,0,11093.57,3,0,0,0
248,1,3729.69,1,0,0,0
248,2,8223.67,0,0,0,1
249,0,10054.45,1,0,1,0
249,1,7430.07,2,0,0,0
249,2,22661.29,1,0,1,1
250,0,9370.32,1,1,0,0
250,1,6476.63,2,0,0,0
250,2,8606.95,1,1,0,0
251,0,11889.79,4,0,0,0
251,1,7718.58,1,0,1,0
251,2,9744.65,0,0,0,1
252,0,9480.06,3,0,0,0
252,1,17078.08,0,0,1,1
253,0,3016.63,1,0,0,0
253,1,34475.24,1,0,0,3
253,2,9659.66,0,0,0,1
253,3,22319.12,3,2,0,0
254,0,28782.33,1,1,1,1
254,1,37375.61,1,5,2,0
254,2,24122.41,0,1,1,1
255,0,5515.13,0,1,0,0
256,0,16788.39,2,1,1,0
256,1,18628.69,0,2,1,0
257,0,10180.08,2,1,0,0
257,1,17627.84,1,2,1,0
257,2,20353.77,1,2,1,0
257,3,22891.36,2,1,2,0
257,4,9199.33,0,0,0,1
257,5,3428.22,1,0,0,0
258,0,7062.23,2,0,0,0
258,1,29670.30,2,0,2,1
258,2,12574.02,0,2,0,0
259,0,14793.23,1,1,1,0
259,1,26086.56,2,1,0,1
260,0,9961.42,3,0,0,0
260,1,6299.34,2,0,0,0
260,2,13166.06,2,0,1,0
260,3,3140.36,1,0,0,0
260,4,44263.45,3,3,2,0
261,0,14981.28,1,1,1,0
261,1,2537.34,1,0,0,0
261,2,26636.75,2,0,1,1
261,3,9767.54,1,1,0,0
261,4,15580.99,0,0,1,1
262,0,17630.81,2,2,0,0
262,1,6806.85,0,0,1,0
262,2,5582.34,0,1,0,0
262,3,10600.93,1,0,1,0
262,4,33837.13,2,0,0,3
262,5,23718.46,0,2,2,0
263,0,20489.26,0,1,2,0
263,1,22197.80,2,2,1,0
263,2,16089.69,1,2,0,0
264,0,5344.61,2,0,0,0
264,1,13659.73,0,0,2,0
265,0,3097.88,1,0,0,0
265,1,10546.49,1,0,0,1
266,0,7516.71,3,0,0,0
266,1,3210.24,1,0,0,0
267,0,5776.04,2,0,0,0
267,1,20757.64,1,2,0,1
267,2,3511.58,1,0,0,0
268,0,18713.21,1,1,0,1
268,1,24583.85,0,4,0,0
268,2,14029.41,3,1,0,0
268,3,16162.69,0,1,2,0
268,4,9885.56,1,1,0,0
268,5,33537.79,3,0,3,1
269,0,2798.03,1,0,0,0
269,1,11154.55,3,0,0,0
269,2,5898.05,2,0,0,0
269,3,6153.56,0,0,1,0
269,4,11430.57,2,0,1,0
270,0,7215.97,2,0,0,0
270,1,9199.11,1,0,1,0
271,0,13812.88,0,1,1,0
271,1,12222.45,1,0,0,1
271,2,17855.38,2,0,1,1
271,3,14148.54,0,1,0,1
271,4,13409.96,2,1,0,0
272,0,3547.66,1,0,0,0
272,1,8630.21,1,0,1,0
272,2,14716.24,1,0,0,1
273,0,20403.57,2,1,1,0
273,1,6081.27,0,1,0,0
273,2,9072.60,1,0,1,0
274,0,9890.09,3,0,0,0
274,1,9215.09,1,1,0,0
274,2,11569.67,2,0,1,0
274,3,3048.47,1,0,0,0
274,4,3224.11,1,0,0,0
274,5,7863.95,1,0,1,0
275,0,9855.43,1,1,0,0
276,0,7055.22,2,0,0,0
276,1,6170.52,0,1,0,0
276,2,5103.28,0,1,0,0
276,3,15819.24,0,2,1,0
277,0,26568.68,0,1,0,2
277,1,8733.55,1,0,1,0
277,2,31266.73,5,2,1,0
277,3,5262.14,0,0,1,0
277,4,12192.53,4,0,0,0
277,5,3172.77,1,0,0,0
278,0,5931.80,0,0,1,0
278,1,13538.72,2,1,0,0
278,2,7857.80,1,1,0,0
278,3,26224.25,2,0,0,2
278,4,5499.34,2,0,0,0
278,5,12658.23,2,1,0,0
278,6,18669.72,1,0,1,1
279,0,14568.66,4,0,0,0
279,1,17227.97,1,1,0,1
279,2,9809.72,1,1,0,0
279,3,3422.28,1,0,0,0
280,0,13185.97,2,1,0,0
280,1,5030.98,0,0,1,0
280,2,10216.92,1,0,1,0
280,3,22423.37,1,1,2,0
280,4,3180.01,1,0,0,0
280,5,5724.79,0,0,1,0
281,0,11529.04,0,2,0,0
281,1,8208.82,1,1,0,0
281,2,10307.20,2,1,0,0
282,0,8366.42,3,0,0,0
282,1,11360.09,0,0,0,1
283,0,15755.00,1,1,1,0
283,1,16623.00,1,2,0,0
283,2,2810.76,1,0,0,0
283,3,8264.58,1,0,1,0
284,0,9089.28,3,0,0,0
284,1,8922.90,1,1,0,0
285,0,22251.79,0,0,0,2
285,1,14109.62,2,0,0,1
285,2,10459.16,1,0,1,0
285,3,18622.73,2,1,1,0
286,0,14308.98,1,0,2,0
287,0,11707.14,1,2,0,0
287,1,18654.22,0,1,1,1
287,2,15483.35,0,1,0,1
288,0,14178.53,1,0,0,1
289,0,6105.86,0,0,1,0
289,1,5542.36,0,1,0,0
289,2,10437.72,2,0,1,0
289,3,3129.21,1,0,0,0
289,4,6658.21,2,0,0,0
290,0,13943.78,1,1,1,0
290,1,6524.00,0,1,0,0
290,2,10151.36,0,0,0,1
290,3,8961.04,1,1,0,0
291,0,2654.55,1,0,0,0
292,0,21021.74,2,0,2,0
292,1,18200.34,1,2,1,0
294,0,16741.15,2,2,0,0
294,1,16297.11,2,1,1,0
296,0,11112.48,2,1,0,0
296,1,13082.35,0,1,1,0
296,2,4825.97,0,0,1,0
296,3,8258.05,0,0,0,1
296,4,12670.37,1,0,0,1
297,0,6656.14,0,0,1,0
297,1,2980.11,1,0,0,0
299,0,6497.86,2,0,0,0
299,1,13476.59,1,0,0,1
300,0,3187.07,1,0,0,0
300,1,21701.60,1,0,1,1
300,2,16439.22,2,0,2,0
300,3,19998.18,1,0,1,1
300,4,13287.81,0,0,1,1
300,5,2717.00,1,0,0,0
301,0,6573.90,2,0,0,0
301,1,5782.67,0,0,1,0
301,2,30270.16,1,0,1,2
301,3,12635.06,0,1,1,0
301,4,16559.09,2,2,0,0
302,0,3137.64,1,0,0,0
302,1,9794.57,3,0,0,0
302,2,9273.02,1,1,0,0
302,3,10459.19,1,1,0,0
303,0,9968.08,0,0,0,1
304,0,20352.58,3,1,1,0
304,1,5731.02,0,0,1,0
305,0,15541.62,1,0,0,1
305,1,2671.92,1,0,0,0
305,2,6194.82,2,0,0,0
306,0,20841.99,2,0,2,0
306,1,8952.57,1,1,0,0
306,2,15634.11,2,0,0,1
307,0,4825.67,0,1,0,0
307,1,13613.27,2,0,1,0
307,2,17436.51,2,1,1,0
308,0,18177.33,1,0,1,1
308,1,7132.04,0,0,1,0
308,2,3036.18,1,0,0,0
308,3,12986.77,1,1,1,0
308,4,6265.71,0,0,1,0
308,5,10590.18,2,0,1,0
309,0,15299.19,0,1,0,1
309,1,10715.36,2,1,0,0
309,2,28274.88,7,1,0,0
310,0,6359.74,0,0,1,0
310,1,22056.36,3,1,1,0
310,2,3319.16,1,0,0,0
312,0,25391.60,3,0,1,1
312,1,24170.88,2,0,1,1
313,0,13610.32,2,1,0,0
314,0,9936.09,0,1,1,0
314,1,6742.04,2,0,0,0
314,2,16271.89,1,3,0,0
314,3,11301.92,0,1,1,0
315,0,29347.88,1,1,1,1
315,1,18749.28,1,2,1,0
315,2,10334.35,2,1,0,0
316,0,5791.30,0,1,0,0
317,0,13435.46,0,0,1,1
317,1,21770.44,3,1,1,0
317,2,13888.03,3,0,1,0
318,0,7178.62,0,0,1,0
319,0,7331.83,1,0,1,0
319,1,6215.55,0,1,0,0
320,0,23514.73,6,1,0,0
321,0,17853.03,1,2,1,0
321,1,2542.20,1,0,0,0
321,2,4831.51,0,1,0,0
322,0,44115.78,0,2,1,2
323,0,20043.94,1,1,1,1
323,1,12733.93,0,1,1,0
324,0,22670.89,1,0,1,1
324,1,17159.38,1,0,2,0
324,2,16483.53,1,1,0,1
324,3,5096.52,0,1,0,0
324,4,16442.96,1,2,0,0
325,0,6024.24,2,0,0,0
325,1,6487.11,0,1,0,0
325,2,10234.14,0,0,0,1
325,3,12242.22,0,2,0,0
325,4,14686.49,1,0,0,1
326,0,5239.75,0,0,1,0
326,1,3456.93,1,0,0,0
326,2,2920.47,1,0,0,0
326,3,6612.54,0,0,1,0
327,0,15834.34,1,0,2,0
327,1,7243.70,2,0,0,0
327,2,5201.67,2,0,0,0
327,3,6378.74,2,0,0,0
327,4,21728.52,5,1,0,0
328,0,3458.54,1,0,0,0
328,1,9682.71,1,1,0,0
329,0,5822.94,2,0,0,0
329,1,11826.36,2,0,1,0
329,2,13094.50,2,1,0,0
329,3,7094.89,0,0,1,0
330,0,3112.33,1,0,0,0
332,0,14883.36,1,2,0,0
332,1,8897.44,1,1,0,0
333,0,10852.60,2,0,1,0
333,1,12124.19,0,2,0,0
334,0,19573.04,2,1,1,0
334,1,11218.06,2,1,0,0
335,0,2683.57,1,0,0,0
335,1,14042.25,4,0,0,0
335,2,21482.02,4,1,0,0
336,0,3049.23,1,0,0,0
336,1,13670.83,2,1,0,0
336,2,3039.91,1,0,0,0
336,3,19272.08,2,2,0,0
337,0,5310.27,0,1,0,0
338,0,11759.26,4,0,0,0
339,0,5604.36,0,1,0,0
339,1,8320.32,0,0,0,1
340,0,15558.92,3,1,0,0
340,1,9678.38,0,0,0,1
340,2,23616.62,3,1,1,0
340,3,19486.80,2,1,2,0
341,0,8237.89,3,0,0,0
341,1,17831.53,0,0,1,1
342,0,5810.57,0,1,0,0
342,1,10297.30,1,1,0,0
342,2,9838.28,2,1,0,0
342,3,15317.86,1,0,2,0
342,4,17870.19,2,2,0,0
342,5,7035.79,1,1,0,0
343,0,15530.08,1,2,0,0
343,1,18410.84,4,0,1,0
344,0,22524.04,1,3,0,0
344,1,15780.42,0,1,0,1
345,0,9106.21,0,2,0,0
345,1,3425.90,1,0,0,0
345,2,11614.06,0,0,0,1
345,3,20902.08,1,1,0,1
345,4,11402.50,2,1,0,0
345,5,10478.71,0,1,1,0
345,6,5478.35,0,0,1,0
345,7,10238.11,1,1,0,0
346,0,21762.49,2,3,0,0
346,1,17609.09,0,0,1,1
346,2,5936.84,0,0,1,0
347,0,13173.81,0,1,0,1
348,0,3714.49,1,0,0,0
348,1,3491.10,1,0,0,0
348,2,14560.73,1,1,1,0
348,3,7949.08,1,1,0,0
348,4,16128.63,0,1,0,1
348,5,9142.34,0,2,0,0
348,6,12144.64,2,1,0,0
349,0,2666.63,1,0,0,0
349,1,3295.17,1,0,0,0
349,2,23624.87,3,0,2,0
349,3,4507.60,0,1,0,0
349,4,6479.45,0,1,0,0
350,0,5929.72,0,1,0,0
350,1,12476.24,2,0,1,0
350,2,16847.63,1,2,0,0
351,0,28501.26,1,2,0,1
351,1,21462.54,0,0,0,2
351,2,35341.18,1,3,1,1
351,3,15504.55,2,1,1,0
352,0,26592.26,0,1,4,0
352,1,22068.55,1,1,0,1
352,2,5177.37,0,1,0,0
352,3,20309.59,2,1,0,1
353,0,3233.29,1,0,0,0
353,1,7431.01,2,0,0,0
353,2,5890.67,0,1,0,0
354,0,12475.07,2,0,1,0
356,0,12746.12,3,1,0,0
356,1,15722.46,0,1,0,1
357,0,11520.56,2,1,0,0
357,1,13597.21,2,1,0,0
357,2,7157.80,2,0,0,0
357,3,4907.22,0,1,0,0
358,0,11428.42,0,0,0,1
359,0,21339.19,2,3,0,0
359,1,6790.44,0,0,1,0
359,2,2569.64,1,0,0,0
360,0,16498.17,1,2,0,0
360,1,8462.39,0,0,0,1
360,2,7427.63,2,0,0,0
361,0,18840.05,2,2,0,0
361,1,9426.20,1,0,1,0
361,2,23999.12,0,2,1,1
362,0,3391.99,1,0,0,0
362,1,9417.45,1,0,1,0
362,2,16916.06,0,1,0,1
362,3,9899.34,1,1,0,0
363,0,2544.83,1,0,0,0
364,0,9905.69,0,0,0,1
364,1,5654.96,0,0,1,0
364,2,5557.79,0,1,0,0
365,0,6552.47,0,1,0,0
365,1,26279.59,0,3,0,1
366,0,23273.95,1,0,0,2
366,1,31578.79,0,4,1,0
366,2,3430.79,1,0,0,0
366,3,16452.91,0,2,1,0
366,4,2543.48,1,0,0,0
367,0,11444.62,0,0,0,1
367,1,16208.30,1,1,1,0
367,2,14367.41,1,1,1,0
367,3,29083.59,5,0,0,1
367,4,7746.82,1,1,0,0
367,5,45178.92,1,1,4,1
368,0,5535.44,0,1,0,0
368,1,16550.02,4,1,0,0
368,2,22685.18,1,2,1,0
368,3,9780.21,1,1,0,0
368,4,21912.41,1,1,0,1
369,0,2836.52,1,0,0,0
369,1,31150.66,3,2,1,0
370,0,5916.99,0,1,0,0
370,1,21192.83,3,2,0,0
370,2,7114.09,2,0,0,0
370,3,5831.69,2,0,0,0
370,4,5673.91,0,1,0,0
370,5,10887.45,1,0,1,0
370,6,11627.26,4,0,0,0
370,7,12517.97,1,2,0,0
371,0,11297.74,0,2,0,0
371,1,20007.82,4,1,1,0
371,2,18515.53,3,2,0,0
371,3,11893.17,0,0,0,1
372,0,11760.70,2,1,0,0
372,1,11026.48,2,0,1,0
373,0,23274.48,1,1,2,0
373,1,29469.40,2,2,0,1
373,2,10998.73,3,0,0,0
373,3,10197.00,2,1,0,0
373,4,12832.67,3,0,1,0
373,5,9878.57,0,1,1,0
373,6,59086.63,3,4,0,2
374,0,38320.94,3,2,2,0
374,1,15343.77,1,1,0,1
374,2,6244.71,2,0,0,0
376,0,14208.57,2,0,0,1
376,1,7857.84,1,0,1,0
376,2,14765.12,1,2,0,0
376,3,14538.06,1,2,0,0
376,4,8469.55,1,1,0,0
377,0,13575.32,0,1,0,1
377,1,15255.73,1,0,2,0
378,0,13674.22,1,1,1,0
378,1,8617.82,1,0,1,0
378,2,7090.59,0,0,1,0
378,3,10388.68,1,0,1,0
379,0,9315.90,1,0,1,0
379,1,11550.94,0,0,0,1
379,2,15210.55,1,2,0,0
379,3,15766.10,2,1,1,0
379,4,13267.01,2,0,1,0
379,5,8227.75,1,1,0,0
380,0,12948.18,4,0,0,0
380,1,8480.73,1,1,0,0
381,0,30148.85,3,0,1,1
381,1,10613.29,2,0,1,0
381,2,9790.99,2,1,0,0
382,0,3004.92,1,0,0,0
383,0,11655.56,4,0,0,0
383,1,5196.89,2,0,0,0
384,0,6507.46,0,1,0,0
384,1,9292.97,1,1,0,0
385,0,12750.80,3,1,0,0
385,1,21543.20,3,0,0,1
386,0,2553.52,1,0,0,0
386,1,3280.09,1,0,0,0
386,2,20943.61,4,0,2,0
388,0,9879.73,0,0,0,1
388,1,12494.90,0,1,1,0
389,0,9584.63,1,0,1,0
389,1,5894.94,0,1,0,0
390,0,23209.34,1,3,0,0
390,1,3716.12,1,0,0,0
390,2,7858.46,1,0,1,0
390,3,17093.19,1,0,1,1
390,4,8413.57,0,0,0,1
391,0,13461.49,2,1,0,0
391,1,9888.56,0,0,0,1
391,2,14255.69,1,1,1,0
391,3,21750.75,2,0,1,1
392,0,5544.64,2,0,0,0
392,1,6363.42,0,1,0,0
393,0,3517.68,1,0,0,0
393,1,19122.51,4,0,1,0
393,2,20202.52,4,0,1,0
394,0,3333.45,1,0,0,0
394,1,9944.27,3,0,0,0
394,2,12868.49,2,0,1,0
394,3,10585.96,1,0,1,0
394,4,15262.48,2,1,1,0
394,5,34456.13,3,2,0,1
394,6,8884.03,1,0,1,0
395,0,9015.82,0,0,0,1
395,1,25419.67,1,2,0,1
395,2,16092.84,0,1,0,1
396,0,13273.57,1,2,0,0
396,1,2523.26,1,0,0,0
396,2,7392.95,1,1,0,0
396,3,4993.37,0,0,1,0
396,4,3081.99,1,0,0,0
397,0,4502.60,0,1,0,0
397,1,29335.65,1,2,2,0
397,2,12358.10,0,2,0,0
397,3,10241.07,2,1,0,0
397,4,11754.04,0,0,0,1
398,0,15557.72,0,1,0,1
398,1,6312.16,0,1,0,0
398,2,5544.37,0,0,1,0
398,3,5877.24,0,0,1,0
399,0,6080.12,0,1,0,0
399,1,30370.01,1,3,1,0
400,0,5810.48,0,1,0,0
400,1,16709.56,1,2,0,0
400,2,2746.65,1,0,0,0
401,0,8823.76,3,0,0,0
401,1,10629.21,2,1,0,0
401,2,20405.53,2,2,0,0
402,0,6670.16,2,0,0,0
402,1,3105.57,1,0,0,0
402,2,20825.29,5,1,0,0
402,3,15929.90,0,2,1,0
403,0,3680.68,1,0,0,0
403,1,10636.96,0,1,1,0
403,2,2509.61,1,0,0,0
403,3,3404.38,1,0,0,0
403,4,30154.55,3,1,1,1
404,0,20239.19,4,0,1,0
404,1,16425.34,0,1,0,1
405,0,31144.56,3,2,0,1
405,1,16488.38,3,1,0,0
405,2,5645.38,0,1,0,0
405,3,5088.23,2,0,0,0
406,0,5337.30,0,0,1,0
406,1,17207.72,1,2,0,0
406,2,11079.12,0,1,1,0
406,3,5600.88,2,0,0,0
407,0,26120.60,1,2,1,1
407,1,14053.95,4,0,0,0
408,0,16111.36,3,1,0,0
409,0,14255.23,3,1,0,0
409,1,7894.95,1,0,1,0
410,0,2638.49,1,0,0,0
410,1,9875.48,2,0,1,0
410,2,14082.47,2,0,0,1
411,0,7546.15,1,0,1,0
411,1,4521.24,0,1,0,0
411,2,24428.72,1,1,3,0
414,0,7949.22,1,1,0,0
414,1,2918.80,1,0,0,0
414,2,9169.08,3,0,0,0
414,3,6018.58,0,0,1,0
414,4,9308.61,0,1,1,0
415,0,2832.61,1,0,0,0
416,0,6414.58,0,0,1,0
416,1,6741.23,0,1,0,0
416,2,10630.60,0,0,2,0
417,0,5146.40,0,0,1,0
417,1,13680.79,3,1,0,0
417,2,3207.06,1,0,0,0
417,3,9862.22,1,1,0,0
418,0,15693.50,0,1,0,1
418,1,14231.47,0,0,1,1
419,0,10716.31,0,0,0,1
419,1,2515.75,1,0,0,0
419,2,28784.15,4,1,1,1
420,0,24278.33,1,0,0,2
420,1,19329.12,0,1,2,0
420,2,9549.10,1,1,0,0
421,0,3589.81,1,0,0,0
421,1,6343.27,0,0,1,0
421,2,15611.72,1,1,1,0
421,3,18212.54,2,1,0,1
422,0,2948.48,1,0,0,0
422,1,14604.48,3,0,1,0
422,2,10416.14,0,0,0,1
423,0,14560.27,1,1,1,0
423,1,9822.79,1,0,1,0
423,2,16782.98,2,0,0,1
423,3,13520.53,2,0,0,1
424,0,19671.35,2,1,0,1
424,1,26350.80,2,2,1,0
424,2,2936.31,1,0,0,0
425,0,7924.07,1,1,0,0
425,1,6615.10,0,1,0,0
425,2,2795.23,1,0,0,0
425,3,7701.50,1,1,0,0
425,4,14702.43,5,0,0,0
425,5,27217.88,3,1,1,1
425,6,23828.82,1,3,1,0
426,0,5359.84,0,0,1,0
426,1,8106.02,1,1,0,0
426,2,12820.25,0,2,0,0
426,3,11401.77,0,1,1,0
426,4,28231.90,1,1,0,2
427,0,7915.48,1,1,0,0
427,1,5520.14,0,1,0,0
428,0,17236.43,3,1,0,0
428,1,5705.73,0,0,1,0
428,2,15522.56,3,0,0,1
428,3,2954.29,1,0,0,0
428,4,4809.61,0,0,1,0
429,0,8505.58,1,0,1,0
429,1,12711.08,2,1,0,0
430,0,15578.97,2,0,0,1
430,1,13872.59,5,0,0,0
430,2,10285.25,0,2,0,0
430,3,10781.88,1,0,1,0
430,4,20522.15,3,0,0,1
431,0,10296.14,1,1,0,0
431,1,9397.21,1,0,1,0
431,2,23906.12,2,2,1,0
432,0,10127.85,2,1,0,0
432,1,26443.01,1,4,1,0
432,2,11486.06,2,1,0,0
432,3,9705.02,0,2,0,0
432,4,14232.74,3,1,0,0
432,5,16242.56,4,0,1,0
432,6,14235.00,0,1,0,1
432,7,24285.44,1,2,1,0
432,8,8348.06,0,0,0,1
433,0,10360.03,1,1,0,0
433,1,5602.82,2,0,0,0
434,0,5570.23,0,0,1,0
434,1,24276.46,1,2,1,0
434,2,15610.10,1,1,1,0
434,3,14668.68,1,1,1,0
434,4,11114.56,0,0,0,1
434,5,5629.34,0,1,0,0
435,0,3617.43,1,0,0,0
435,1,5367.35,2,0,0,0
435,2,3647.65,1,0,0,0
435,3,18295.40,2,1,1,0
436,0,6827.01,2,0,0,0
436,1,29636.66,1,2,1,1
436,2,3477.60,1,0,0,0
437,0,13619.94,2,1,0,0
438,0,2807.32,1,0,0,0
439,0,15559.05,1,1,1,0
439,1,6961.87,0,0,1,0
440,0,9807.24,1,1,0,0
440,1,5567.83,2,0,0,0
440,2,17476.93,0,1,0,1
441,0,10620.29,1,0,1,0
441,1,6921.47,0,0,1,0
441,2,6348.16,2,0,0,0
441,3,16389.37,2,1,1,0
441,4,3687.94,1,0,0,0
442,0,10325.16,0,0,0,1
442,1,8170.59,1,0,1,0
443,0,5128.40,2,0,0,0
443,1,30463.56,0,1,0,2
443,2,10378.77,1,1,0,0
443,3,14927.33,1,0,2,0
443,4,14328.76,1,2,0,0
443,5,9776.77,0,0,0,1
444,0,11904.06,2,1,0,0
444,1,3234.99,1,0,0,0
444,2,3566.74,1,0,0,0
445,0,13135.43,0,0,2,0
445,1,11910.33,0,0,0,1
445,2,8963.43,0,0,0,1
446,0,13243.91,1,2,0,0
446,1,5089.18,0,1,0,0
446,2,10925.72,2,1,0,0
446,3,32399.18,2,2,0,1
447,0,31464.05,4,3,0,0
447,1,19954.67,3,0,0,1
448,0,6195.22,0,0,1,0
448,1,19676.84,1,1,0,1
448,2,3217.20,1,0,0,0
448,3,26917.57,6,1,0,0
448,4,22700.55,2,3,0,0
448,5,7170.02,1,1,0,0
449,0,21105.94,1,0,1,1
449,1,9010.87,1,1,0,0
450,0,15173.19,1,1,0,1
450,1,9803.28,3,0,0,0
450,2,3678.44,1,0,0,0
451,0,2593.14,1,0,0,0
451,1,2951.41,1,0,0,0
451,2,3588.35,1,0,0,0
451,3,23023.27,0,4,0,0
452,0,15029.06,1,1,1,0
452,1,9301.88,1,1,0,0
453,0,3556.70,1,0,0,0
453,1,7475.47,2,0,0,0
453,2,17863.71,2,1,1,0
454,0,17867.06,3,1,0,0
454,1,21302.04,2,1,1,0
454,2,13634.77,2,0,0,1
454,3,15738.23,1,2,0,0
454,4,6037.57,0,1,0,0
455,0,19282.98,2,1,0,1
455,1,11017.81,3,0,0,0
455,2,14716.96,1,0,0,1
455,3,9583.77,3,0,0,0
456,0,10451.91,1,0,1,0
456,1,4929.07,0,0,1,0
457,0,9655.31,1,1,0,0
457,1,5514.26,0,0,1,0
457,2,2962.86,1,0,0,0
457,3,2886.21,1,0,0,0
457,4,20510.88,0,1,1,1
458,0,5284.23,2,0,0,0
458,1,2592.41,1,0,0,0
458,2,3176.50,1,0,0,0
459,0,12306.80,1,1,1,0
459,1,10540.19,1,0,1,0
460,0,9654.49,1,1,0,0
460,1,3002.24,1,0,0,0
460,2,8713.55,0,0,0,1
460,3,18378.35,2,1,1,0
460,4,28916.93,2,2,2,0
461,0,2986.82,1,0,0,0
461,1,11286.15,4,0,0,0
461,2,13299.41,1,1,1,0
461,3,3284.41,1,0,0,0
463,0,18142.10,1,1,0,1
463,1,27419.84,3,1,1,1
463,2,15230.52,1,0,0,1
463,3,13606.39,2,1,0,0
464,0,24064.45,2,2,1,0
464,1,3101.11,1,0,0,0
464,2,3437.05,1,0,0,0
464,3,2670.99,1,0,0,0
464,4,13046.29,1,0,0,1
464,5,3611.20,1,0,0,0
464,6,11701.83,0,0,0,1
464,7,31718.45,2,2,0,1
465,0,9141.01,3,0,0,0
465,1,10563.72,1,0,0,1
466,0,6656.86,0,1,0,0
466,1,10519.98,3,0,0,0
467,0,13706.34,0,0,2,0
468,0,10545.40,0,1,1,0
468,1,14258.91,2,0,1,0
468,2,14313.41,2,0,1,0
469,0,7944.16,1,0,1,0
469,1,17077.45,0,1,0,1
469,2,8570.76,3,0,0,0
470,0,13863.09,2,0,1,0
470,1,7753.05,1,1,0,0
470,2,24935.93,2,1,2,0
470,3,16289.14,1,0,2,0
470,4,20195.23,4,1,0,0
470,5,22735.75,0,1,1,1
470,6,16046.49,3,0,0,1
470,7,4601.81,0,1,0,0
471,0,10080.20,0,0,0,1
471,1,9568.46,0,0,0,1
471,2,13446.11,1,0,2,0
472,0,3647.70,1,0,0,0
472,1,14616.24,2,0,1,0
472,2,13698.53,1,0,0,1
472,3,11186.61,0,2,0,0
473,0,6548.51,2,0,0,0
473,1,9123.37,0,0,0,1
473,2,3322.84,1,0,0,0
474,0,7697.46,1,0,1,0
474,1,6165.25,0,1,0,0
474,2,16230.68,1,2,0,0
474,3,5757.38,0,1,0,0
474,4,15735.31,1,0,0,1
474,5,11914.76,1,1,1,0
475,0,6131.60,2,0,0,0
476,0,12580.64,0,2,0,0
476,1,3740.13,1,0,0,0
477,0,10278.92,3,0,0,0
478,0,10767.49,0,0,0,1
478,1,9471.62,0,0,0,1
478,2,5498.79,0,1,0,0
479,0,2946.84,1,0,0,0
479,1,6617.47,0,1,0,0
479,2,17462.17,0,0,1,1
480,0,21744.41,1,1,0,1
481,0,6106.59,0,1,0,0
481,1,12510.68,1,1,1,0
482,0,2841.89,1,0,0,0
482,1,12580.75,2,0,1,0
482,2,13827.56,2,1,0,0
483,0,14812.94,1,0,2,0
483,1,9031.57,1,1,0,0
483,2,7688.65,1,1,0,0
484,0,12745.20,1,1,1,0
485,0,8416.06,0,0,0,1
485,1,13468.13,0,1,1,0
485,2,10902.90,0,2,0,0
486,0,13538.30,1,1,1,0
486,1,2962.24,1,0,0,0
486,2,11244.16,3,0,0,0
487,0,25095.75,2,1,2,0
487,1,6054.33,0,1,0,0
487,2,17750.71,5,0,1,0
487,3,3650.03,1,0,0,0
488,0,9344.71,0,0,0,1
488,1,13407.95,2,0,1,0
489,0,20239.41,4,1,1,0
489,1,8538.06,3,0,0,0
489,2,6463.19,0,0,1,0
489,3,5243.43,2,0,0,0
489,4,11384.60,0,0,0,1
489,5,8991.67,1,1,0,0
489,6,14388.09,0,0,2,0
489,7,16745.36,1,2,0,0
490,0,30658.83,1,0,4,0
491,0,7172.02,2,0,0,0
491,1,3570.98,1,0,0,0
492,0,6295.37,0,1,0,0
492,1,17383.50,3,1,1,0
492,2,4803.43,0,1,0,0
492,3,3657.85,1,0,0,0
493,0,17483.39,0,2,1,0
493,1,15692.01,1,2,0,0
493,2,14843.30,1,0,2,0
493,3,15705.75,1,0,2,0
495,0,22725.14,0,3,1,0
495,1,4608.39,0,1,0,0
496,0,13343.93,4,0,0,0
496,1,7113.15,0,0,1,0
497,0,6855.32,0,0,1,0
497,1,28772.15,3,2,1,0
497,2,18128.61,2,0,2,0
498,0,17566.20,1,0,2,0
498,1,6306.34,0,1,0,0
499,0,8469.78,3,0,0,0
499,1,11130.85,0,0,0,1
500,0,21089.45,2,0,2,0
500,1,7260.50,2,0,0,0
500,2,2618.64,1,0,0,0
500,3,7086.69,1,1,0,0
500,4,22199.07,1,2,0,1
501,0,42854.25,2,4,0,1
501,1,10732.68,3,0,0,0
501,2,21666.45,1,0,1,1
502,0,2965.78,1,0,0,0
502,1,23283.00,0,1,1,1
502,2,5099.88,0,0,1,0
503,0,9832.71,1,0,1,0
503,1,7353.91,2,0,0,0
