accepted,arrival_idx,chosen_pv_id,context_commodity_value,context_customer_type,context_season,customer_max_wtp,inventory_after,inventory_before,offer_made,offered_price,pacing_budget,phase,revenue_inc,t
1,0,,,,,23910.77,442.0,450.0,1,23910.77,,oracle,23910.77,345
1,0,,,,,23859.0,429.0,442.0,1,23859.0,,oracle,23859.0,445
1,0,,,,,23370.35,418.0,429.0,1,23370.35,,oracle,23370.35,135
1,6,,,,,19790.225,409.0,418.0,1,19790.225,,oracle,19790.225,228
1,1,,,,,19261.415,397.0,409.0,1,19261.415,,oracle,19261.415,433
1,1,,,,,18583.89,393.0,397.0,1,18583.89,,oracle,18583.89,147
1,0,,,,,18495.24,389.0,393.0,1,18495.24,,oracle,18495.24,107
1,3,,,,,18293.855,382.0,389.0,1,18293.855,,oracle,18293.855,146
1,2,,,,,18135.285,375.0,382.0,1,18135.285,,oracle,18135.285,313
1,3,,,,,17812.565,367.0,375.0,1,17812.565,,oracle,17812.565,300
1,3,,,,,17496.89,363.0,367.0,1,17496.89,,oracle,17496.89,260
1,4,,,,,16407.44,358.0,363.0,1,16407.44,,oracle,16407.44,146
1,0,,,,,15879.445,352.0,358.0,1,15879.445,,oracle,15879.445,210
1,4,,,,,15754.0,347.0,352.0,1,15754.0,,oracle,15754.0,228
1,0,,,,,15468.725,338.0,347.0,1,15468.725,,oracle,15468.725,463
1,1,,,,,15411.89,335.0,338.0,1,15411.89,,oracle,15411.89,369
1,5,,,,,15390.765,329.0,335.0,1,15390.765,,oracle,15390.765,391
1,1,,,,,15373.92,321.0,329.0,1,15373.92,,oracle,15373.92,416
1,3,,,,,15348.73,312.0,321.0,1,15348.73,,oracle,15348.73,75
1,0,,,,,15274.76,301.0,312.0,1,15274.76,,oracle,15274.76,298
1,2,,,,,15273.36,292.0,301.0,1,15273.36,,oracle,15273.36,100
1,2,,,,,15170.65,290.0,292.0,1,15170.65,,oracle,15170.65,483
1,1,,,,,15160.82,278.0,290.0,1,15160.82,,oracle,15160.82,132
1,1,,,,,15149.675,272.0,278.0,1,15149.675,,oracle,15149.675,31
1,1,,,,,15004.685,266.0,272.0,1,15004.685,,oracle,15004.685,176
1,0,,,,,14825.65,255.0,266.0,1,14825.65,,oracle,14825.65,413
1,3,,,,,14745.85,249.0,255.0,1,14745.85,,oracle,14745.85,187
1,0,,,,,14745.615,243.0,249.0,1,14745.615,,oracle,14745.615,212
1,4,,,,,14082.95,237.0,243.0,1,14082.95,,oracle,14082.95,183
1,3,,,,,13949.38,233.0,237.0,1,13949.38,,oracle,13949.38,239
1,0,,,,,13859.84,225.0,233.0,1,13859.84,,oracle,13859.84,265
1,0,,,,,13847.73,223.0,225.0,1,13847.73,,oracle,13847.73,165
1,4,,,,,13766.64,222.0,223.0,1,13766.64,,oracle,13766.64,207
1,0,,,,,13748.63,214.0,222.0,1,13748.63,,oracle,13748.63,1
1,0,,,,,13656.945,206.0,214.0,1,13656.945,,oracle,13656.945,498
1,1,,,,,13550.905,199.0,206.0,1,13550.905,,oracle,13550.905,339
1,0,,,,,13332.725,196.0,199.0,1,13332.725,,oracle,13332.725,352
1,3,,,,,13261.745,191.0,196.0,1,13261.745,,oracle,13261.745,194
1,0,,,,,13240.925,186.0,191.0,1,13240.925,,oracle,13240.925,148
1,1,,,,,13237.385,176.0,186.0,1,13237.385,,oracle,13237.385,198
1,0,,,,,13201.75,171.0,176.0,1,13201.75,,oracle,13201.75,326
1,1,,,,,13188.085,163.0,171.0,1,13188.085,,oracle,13188.085,33
1,0,,,,,13123.31,158.0,163.0,1,13123.31,,oracle,13123.31,291
1,0,,,,,13120.595,151.0,158.0,1,13120.595,,oracle,13120.595,63
1,2,,,,,13099.87,147.0,151.0,1,13099.87,,oracle,13099.87,446
1,3,,,,,12978.475,140.0,147.0,1,12978.475,,oracle,12978.475,230
1,1,,,,,12921.37,139.0,140.0,1,12921.37,,oracle,12921.37,141
1,2,,,,,12824.415,129.0,139.0,1,12824.415,,oracle,12824.415,280
1,0,,,,,12704.715,125.0,129.0,1,12704.715,,oracle,12704.715,281
1,0,,,,,12636.955,121.0,125.0,1,12636.955,,oracle,12636.955,359
1,1,,,,,12622.675,111.0,121.0,1,12622.675,,oracle,12622.675,164
1,1,,,,,12554.25,104.0,111.0,1,12554.25,,oracle,12554.25,318
1,1,,,,,12494.695,102.0,104.0,1,12494.695,,oracle,12494.695,29
1,1,,,,,12463.265,92.0,102.0,1,12463.265,,oracle,12463.265,499
1,0,,,,,12444.12,85.0,92.0,1,12444.12,,oracle,12444.12,97
1,0,,,,,12404.41,79.0,85.0,1,12404.41,,oracle,12404.41,223
1,5,,,,,12366.77,70.0,79.0,1,12366.77,,oracle,12366.77,197
1,0,,,,,12227.285,65.0,70.0,1,12227.285,,oracle,12227.285,329
1,0,,,,,12183.425,57.0,65.0,1,12183.425,,oracle,12183.425,253
1,2,,,,,12173.185,51.0,57.0,1,12173.185,,oracle,12173.185,4
1,1,,,,,12058.685,47.0,51.0,1,12058.685,,oracle,12058.685,312
1,3,,,,,12051.09,46.0,47.0,1,12051.09,,oracle,12051.09,96
1,2,,,,,12036.08,38.0,46.0,1,12036.08,,oracle,12036.08,147
1,0,,,,,12033.515,34.0,38.0,1,12033.515,,oracle,12033.515,124
1,0,,,,,11978.745,32.0,34.0,1,11978.745,,oracle,11978.745,428
1,0,,,,,11884.875,27.0,32.0,1,11884.875,,oracle,11884.875,24
1,3,,,,,11831.695,22.0,27.0,1,11831.695,,oracle,11831.695,485
1,0,,,,,11801.96,18.0,22.0,1,11801.96,,oracle,11801.96,234
1,2,,,,,11519.5,14.0,18.0,1,11519.5,,oracle,11519.5,176
1,3,,,,,11515.37,10.0,14.0,1,11515.37,,oracle,11515.37,188
1,0,,,,,11477.245,2.0,10.0,1,11477.245,,oracle,11477.245,101
1,3,,,,,11404.64,0.0,2.0,1,11404.64,,oracle,11404.64,36
0,0,,LOW,RECURRING,LOW,13748.63,450.0,450.0,0,0.0,0.8928571428571429,agent,0.0,1
0,0,,HIGH,NEW,LOW,1761.07,450.0,450.0,0,0.0,0.8928571428571429,agent,0.0,2
0,0,,HIGH,NEW,LOW,8934.155,450.0,450.0,0,0.0,0.8928571428571429,agent,0.0,3
0,0,,LOW,RECURRING,LOW,10027.49,450.0,450.0,0,0.0,0.8928571428571429,agent,0.0,4
0,2,,HIGH,NEW,LOW,12173.185,450.0,450.0,0,0.0,0.8928571428571429,agent,0.0,4
0,0,,HIGH,NEW,LOW,3672.81,450.0,450.0,0,0.0,0.8928571428571429,agent,0.0,6
1,2,2,LOW,RECURRING,LOW,8843.075,447.0,450.0,1,8760.0,0.8928571428571429,agent,8760.0,10
0,1,,LOW,RECURRING,LOW,2763.225,447.0,447.0,0,0.0,0.8928571428571429,agent,0.0,11
0,1,,HIGH,NEW,LOW,11183.415,447.0,447.0,0,0.0,0.8928571428571429,agent,0.0,12
0,2,,HIGH,RECURRING,LOW,1460.315,447.0,447.0,0,0.0,0.8928571428571429,agent,0.0,13
0,0,,LOW,NEW,LOW,4432.24,447.0,447.0,0,0.0,0.8928571428571429,agent,0.0,13
0,1,,LOW,NEW,LOW,3548.495,447.0,447.0,0,0.0,0.8928571428571429,agent,0.0,13
0,1,2,LOW,RECURRING,LOW,6734.905,447.0,447.0,1,14400.0,0.8928571428571429,agent,0.0,15
0,1,,LOW,NEW,LOW,1770.375,447.0,447.0,0,0.0,0.8928571428571429,agent,0.0,16
0,0,1,HIGH,NEW,LOW,7637.695,447.0,447.0,1,12100.0,0.8928571428571429,agent,0.0,17
0,1,,HIGH,NEW,LOW,2825.05,447.0,447.0,0,0.0,0.8928571428571429,agent,0.0,17
0,2,,LOW,RECURRING,LOW,6683.42,447.0,447.0,0,0.0,0.8928571428571429,agent,0.0,18
0,1,,LOW,NEW,LOW,1506.425,447.0,447.0,0,0.0,0.8928571428571429,agent,0.0,19
0,0,,LOW,RECURRING,LOW,3026.495,447.0,447.0,0,0.0,0.8928571428571429,agent,0.0,19
0,1,,HIGH,NEW,LOW,9341.71,447.0,447.0,0,0.0,0.8928571428571429,agent,0.0,20
0,1,,LOW,NEW,LOW,3517.625,447.0,447.0,0,0.0,0.8928571428571429,agent,0.0,21
0,0,,LOW,NEW,LOW,1554.555,447.0,447.0,0,0.0,0.8928571428571429,agent,0.0,21
0,1,,LOW,RECURRING,LOW,6538.45,447.0,447.0,0,0.0,0.8928571428571429,agent,0.0,22
0,0,,HIGH,RECURRING,LOW,3441.385,447.0,447.0,0,0.0,0.8928571428571429,agent,0.0,22
0,3,,LOW,NEW,LOW,4667.8,447.0,447.0,0,0.0,0.8928571428571429,agent,0.0,23
0,0,1,HIGH,NEW,LOW,3783.59,447.0,447.0,1,7000.0,0.8928571428571429,agent,0.0,23
1,0,1,HIGH,NEW,LOW,11884.875,442.0,447.0,1,11800.0,0.8928571428571429,agent,11800.0,24
0,2,,LOW,RECURRING,LOW,1577.85,442.0,442.0,0,0.0,0.8928571428571429,agent,0.0,24
0,1,1,HIGH,NEW,LOW,5802.14,442.0,442.0,1,9300.0,0.8928571428571429,agent,0.0,24
0,2,2,LOW,NEW,LOW,1362.325,442.0,442.0,1,3000.0,0.8928571428571429,agent,0.0,25
0,2,,LOW,RECURRING,LOW,6632.84,442.0,442.0,0,0.0,0.8928571428571429,agent,0.0,26
0,0,,HIGH,NEW,LOW,3589.225,442.0,442.0,0,0.0,0.8928571428571429,agent,0.0,26
0,3,,LOW,NEW,LOW,1679.595,442.0,442.0,0,0.0,0.8928571428571429,agent,0.0,27
0,2,1,LOW,NEW,LOW,8670.59,442.0,442.0,1,12100.0,0.8928571428571429,agent,0.0,27
0,0,,LOW,NEW,LOW,8059.955,442.0,442.0,0,0.0,0.8928571428571429,agent,0.0,27
0,1,,LOW,NEW,LOW,4099.69,442.0,442.0,0,0.0,0.8928571428571429,agent,0.0,28
0,0,,LOW,RECURRING,LOW,4762.34,442.0,442.0,0,0.0,0.8928571428571429,agent,0.0,29
0,1,,LOW,NEW,LOW,12494.695,442.0,442.0,0,0.0,0.8928571428571429,agent,0.0,29
0,3,,HIGH,NEW,LOW,7944.635,442.0,442.0,0,0.0,0.8928571428571429,agent,0.0,29
0,1,,LOW,NEW,LOW,15149.675,442.0,442.0,0,0.0,0.8928571428571429,agent,0.0,31
0,1,2,LOW,NEW,LOW,13188.085,442.0,442.0,1,22200.0,0.8928571428571429,agent,0.0,33
0,0,,HIGH,RECURRING,LOW,5103.86,442.0,442.0,0,0.0,0.8928571428571429,agent,0.0,33
0,3,,LOW,NEW,LOW,6936.28,442.0,442.0,0,0.0,0.8928571428571429,agent,0.0,33
0,2,,HIGH,NEW,LOW,5315.595,442.0,442.0,0,0.0,0.8928571428571429,agent,0.0,34
0,0,2,LOW,RECURRING,LOW,4023.635,442.0,442.0,1,8400.0,0.8928571428571429,agent,0.0,34
0,1,,HIGH,NEW,LOW,1546.385,442.0,442.0,0,0.0,0.8928571428571429,agent,0.0,34
0,2,,LOW,RECURRING,LOW,3433.89,442.0,442.0,0,0.0,0.8928571428571429,agent,0.0,35
0,3,,HIGH,NEW,LOW,11404.64,442.0,442.0,0,0.0,0.8928571428571429,agent,0.0,36
0,2,,LOW,RECURRING,LOW,5608.535,442.0,442.0,0,0.0,0.8928571428571429,agent,0.0,36
0,0,2,LOW,NEW,LOW,9979.015,442.0,442.0,1,20520.0,0.8928571428571429,agent,0.0,36
0,2,,LOW,RECURRING,LOW,1499.63,442.0,442.0,0,0.0,0.8928571428571429,agent,0.0,37
0,0,,HIGH,NEW,LOW,3274.385,442.0,442.0,0,0.0,0.8928571428571429,agent,0.0,37
0,0,2,LOW,RECURRING,LOW,6315.075,442.0,442.0,1,14400.0,0.8928571428571429,agent,0.0,39
0,2,,HIGH,NEW,LOW,8990.69,442.0,442.0,0,0.0,0.8928571428571429,agent,0.0,40
0,5,,HIGH,RECURRING,LOW,7646.545,442.0,442.0,0,0.0,0.8928571428571429,agent,0.0,42
1,0,2,HIGH,RECURRING,LOW,10668.155,439.0,442.0,1,8400.0,0.8928571428571429,agent,8400.0,42
0,1,,HIGH,RECURRING,LOW,2967.925,439.0,439.0,0,0.0,0.8928571428571429,agent,0.0,42
0,0,2,LOW,NEW,LOW,2415.76,439.0,439.0,1,5760.0,0.8928571428571429,agent,0.0,43
0,1,,HIGH,NEW,LOW,8964.585,439.0,439.0,0,0.0,0.8928571428571429,agent,0.0,46
0,0,2,LOW,NEW,LOW,4476.785,439.0,439.0,1,8760.0,0.8928571428571429,agent,0.0,46
0,0,,HIGH,NEW,LOW,11409.325,439.0,439.0,0,0.0,0.8928571428571429,agent,0.0,47
0,1,2,LOW,NEW,LOW,5085.24,439.0,439.0,1,11760.0,0.8928571428571429,agent,0.0,47
0,2,,HIGH,NEW,LOW,11315.215,439.0,439.0,0,0.0,0.8928571428571429,agent,0.0,47
0,0,2,HIGH,RECURRING,LOW,2972.925,439.0,439.0,1,6000.0,0.8928571428571429,agent,0.0,48
0,1,2,LOW,NEW,LOW,6827.27,439.0,439.0,1,14520.0,0.8928571428571429,agent,0.0,48
0,1,,LOW,RECURRING,LOW,9331.595,439.0,439.0,0,0.0,0.8928571428571429,agent,0.0,51
0,0,,HIGH,NEW,LOW,3686.27,439.0,439.0,0,0.0,0.8928571428571429,agent,0.0,54
0,3,2,LOW,NEW,LOW,7266.28,439.0,439.0,1,16200.0,0.8928571428571429,agent,0.0,54
0,1,,HIGH,NEW,LOW,5763.3,439.0,439.0,0,0.0,0.8928571428571429,agent,0.0,54
0,4,,HIGH,RECURRING,LOW,9876.415,439.0,439.0,0,0.0,0.8928571428571429,agent,0.0,55
0,2,2,HIGH,RECURRING,LOW,5010.86,439.0,439.0,1,8760.0,0.8928571428571429,agent,0.0,55
0,0,,HIGH,NEW,LOW,6028.45,439.0,439.0,0,0.0,0.8928571428571429,agent,0.0,57
0,1,,LOW,RECURRING,LOW,5221.475,439.0,439.0,0,0.0,0.8928571428571429,agent,0.0,58
0,0,,LOW,RECURRING,LOW,3323.855,439.0,439.0,0,0.0,0.8928571428571429,agent,0.0,58
0,1,,HIGH,NEW,LOW,8423.995,439.0,439.0,0,0.0,0.8928571428571429,agent,0.0,59
0,0,,LOW,NEW,LOW,7504.055,439.0,439.0,0,0.0,0.8928571428571429,agent,0.0,59
0,0,,LOW,RECURRING,LOW,1815.125,439.0,439.0,0,0.0,0.8928571428571429,agent,0.0,60
0,0,2,LOW,RECURRING,LOW,2704.065,439.0,439.0,1,6000.0,0.8928571428571429,agent,0.0,61
0,2,2,LOW,NEW,LOW,3921.39,439.0,439.0,1,8760.0,0.8928571428571429,agent,0.0,62
0,0,,HIGH,NEW,LOW,13120.595,439.0,439.0,0,0.0,0.8928571428571429,agent,0.0,63
0,0,,HIGH,RECURRING,LOW,1352.485,439.0,439.0,0,0.0,0.8928571428571429,agent,0.0,66
0,2,2,LOW,NEW,LOW,3113.575,439.0,439.0,1,6000.0,0.8928571428571429,agent,0.0,68
0,3,,HIGH,NEW,LOW,6986.985,439.0,439.0,0,0.0,0.8928571428571429,agent,0.0,69
0,0,2,HIGH,NEW,LOW,2289.515,439.0,439.0,1,5400.0,0.8928571428571429,agent,0.0,69
0,1,,HIGH,RECURRING,LOW,10250.27,439.0,439.0,0,0.0,0.8928571428571429,agent,0.0,69
1,0,2,LOW,NEW,LOW,10873.765,436.0,439.0,1,9000.0,0.8928571428571429,agent,9000.0,70
0,0,,HIGH,RECURRING,LOW,8588.92,436.0,436.0,0,0.0,0.8928571428571429,agent,0.0,73
0,1,,LOW,RECURRING,LOW,3834.065,436.0,436.0,0,0.0,0.8928571428571429,agent,0.0,73
0,1,2,HIGH,NEW,LOW,1720.74,436.0,436.0,1,3000.0,0.8928571428571429,agent,0.0,75
0,0,2,LOW,RECURRING,LOW,3468.955,436.0,436.0,1,5760.0,0.8928571428571429,agent,0.0,75
0,3,,HIGH,RECURRING,LOW,15348.73,436.0,436.0,0,0.0,0.8928571428571429,agent,0.0,75
0,2,2,HIGH,NEW,LOW,3758.555,436.0,436.0,1,8400.0,0.8928571428571429,agent,0.0,75
0,1,2,HIGH,NEW,LOW,5223.73,436.0,436.0,1,8760.0,0.8928571428571429,agent,0.0,76
0,3,2,LOW,NEW,LOW,2659.83,436.0,436.0,1,6000.0,0.8928571428571429,agent,0.0,76
0,1,2,LOW,RECURRING,LOW,5750.91,436.0,436.0,1,13800.0,0.8928571428571429,agent,0.0,77
0,1,2,HIGH,NEW,LOW,3774.62,436.0,436.0,1,8760.0,0.8928571428571429,agent,0.0,78
0,0,2,LOW,RECURRING,LOW,4962.625,436.0,436.0,1,8760.0,0.8928571428571429,agent,0.0,79
0,0,2,HIGH,NEW,LOW,7421.64,436.0,436.0,1,14160.0,0.8928571428571429,agent,0.0,80
0,0,1,LOW,NEW,LOW,11276.125,436.0,436.0,1,16500.0,0.8928571428571429,agent,0.0,82
0,0,2,LOW,NEW,LOW,4212.19,436.0,436.0,1,8400.0,0.8928571428571429,agent,0.0,83
0,2,2,LOW,NEW,LOW,1462.74,436.0,436.0,1,3000.0,0.8928571428571429,agent,0.0,83
0,1,2,HIGH,NEW,LOW,2923.25,436.0,436.0,1,5400.0,0.8928571428571429,agent,0.0,84
0,0,1,LOW,NEW,LOW,2931.635,436.0,436.0,1,4800.0,0.8928571428571429,agent,0.0,84
0,4,1,LOW,NEW,LOW,1410.855,436.0,436.0,1,2500.0,0.8928571428571429,agent,0.0,85
0,1,,LOW,RECURRING,LOW,3488.075,436.0,436.0,0,0.0,0.8928571428571429,agent,0.0,85
0,1,,HIGH,RECURRING,LOW,1320.06,436.0,436.0,0,0.0,0.8928571428571429,agent,0.0,86
0,0,,LOW,RECURRING,LOW,6251.93,436.0,436.0,0,0.0,0.8928571428571429,agent,0.0,86
0,1,,HIGH,RECURRING,LOW,5451.955,436.0,436.0,0,0.0,0.8928571428571429,agent,0.0,87
0,0,,LOW,RECURRING,LOW,3700.825,436.0,436.0,0,0.0,0.8928571428571429,agent,0.0,87
0,3,,HIGH,RECURRING,LOW,3023.9,436.0,436.0,0,0.0,0.8928571428571429,agent,0.0,89
0,1,,HIGH,RECURRING,LOW,5152.76,436.0,436.0,0,0.0,0.8928571428571429,agent,0.0,90
0,0,,HIGH,RECURRING,LOW,9011.24,436.0,436.0,0,0.0,0.8928571428571429,agent,0.0,92
0,2,2,LOW,RECURRING,LOW,3246.885,436.0,436.0,1,5400.0,0.8928571428571429,agent,0.0,92
0,1,2,LOW,NEW,LOW,1867.68,436.0,436.0,1,3000.0,0.8928571428571429,agent,0.0,92
0,2,,HIGH,RECURRING,LOW,6662.445,436.0,436.0,0,0.0,0.8928571428571429,agent,0.0,93
0,0,,LOW,RECURRING,LOW,1477.525,436.0,436.0,0,0.0,0.8928571428571429,agent,0.0,94
0,0,2,HIGH,RECURRING,LOW,4804.145,436.0,436.0,1,11400.0,0.8928571428571429,agent,0.0,96
1,3,2,HIGH,NEW,LOW,12051.09,435.0,436.0,1,3000.0,0.8928571428571429,agent,3000.0,96
0,1,2,LOW,NEW,LOW,8452.755,435.0,435.0,1,13800.0,0.8928571428571429,agent,0.0,96
0,1,2,LOW,NEW,LOW,2576.26,435.0,435.0,1,5400.0,0.8928571428571429,agent,0.0,97
0,0,2,LOW,RECURRING,LOW,12444.12,435.0,435.0,1,20520.0,0.8928571428571429,agent,0.0,97
0,1,1,LOW,RECURRING,LOW,6298.16,435.0,435.0,1,9800.0,0.8928571428571429,agent,0.0,98
0,3,2,HIGH,NEW,LOW,2677.22,435.0,435.0,1,5400.0,0.8928571428571429,agent,0.0,99
1,1,1,LOW,NEW,LOW,7282.945,433.0,435.0,1,4500.0,0.8928571428571429,agent,4500.0,99
0,2,2,HIGH,RECURRING,LOW,15273.36,433.0,433.0,1,25560.0,0.8928571428571429,agent,0.0,100
0,0,2,HIGH,NEW,LOW,11477.245,433.0,433.0,1,23520.0,0.8928571428571429,agent,0.0,101
0,1,2,HIGH,RECURRING,LOW,8083.49,433.0,433.0,1,14400.0,0.8928571428571429,agent,0.0,101
0,0,,HIGH,NEW,LOW,6766.18,433.0,433.0,0,0.0,0.8928571428571429,agent,0.0,102
0,1,,HIGH,NEW,LOW,4889.02,433.0,433.0,0,0.0,0.8928571428571429,agent,0.0,102
0,0,2,LOW,RECURRING,LOW,7077.64,433.0,433.0,1,11760.0,0.8928571428571429,agent,0.0,103
0,2,2,LOW,NEW,LOW,10194.655,433.0,433.0,1,19920.0,0.8928571428571429,agent,0.0,103
1,4,2,HIGH,RECURRING,LOW,7716.515,432.0,433.0,1,3000.0,0.8928571428571429,agent,3000.0,103
0,0,2,LOW,NEW,LOW,1688.665,432.0,432.0,1,3000.0,0.8928571428571429,agent,0.0,104
0,1,,HIGH,NEW,LOW,8340.435,432.0,432.0,0,0.0,0.8928571428571429,agent,0.0,104
0,0,2,LOW,NEW,LOW,5036.035,432.0,432.0,1,8400.0,0.8928571428571429,agent,0.0,105
0,1,2,HIGH,NEW,LOW,9119.855,432.0,432.0,1,20160.0,0.8928571428571429,agent,0.0,106
0,3,1,LOW,RECURRING,LOW,10425.505,432.0,432.0,1,17100.0,0.8928571428571429,agent,0.0,107
0,0,,HIGH,NEW,LOW,18495.24,432.0,432.0,0,0.0,0.8928571428571429,agent,0.0,107
0,4,2,LOW,NEW,LOW,11016.465,432.0,432.0,1,19920.0,0.8928571428571429,agent,0.0,107
0,1,2,LOW,NEW,LOW,3156.7,432.0,432.0,1,5400.0,0.8928571428571429,agent,0.0,108
0,0,2,LOW,NEW,LOW,3891.765,432.0,432.0,1,8760.0,0.8928571428571429,agent,0.0,108
0,1,2,LOW,RECURRING,LOW,2327.995,432.0,432.0,1,5400.0,0.8928571428571429,agent,0.0,109
0,0,2,LOW,RECURRING,LOW,10227.475,432.0,432.0,1,17400.0,0.8928571428571429,agent,0.0,109
0,0,0,LOW,RECURRING,LOW,1434.155,432.0,432.0,1,2125.0,0.8928571428571429,agent,0.0,110
0,2,,HIGH,RECURRING,LOW,4920.41,432.0,432.0,0,0.0,0.8928571428571429,agent,0.0,110
0,0,2,LOW,NEW,LOW,4257.225,432.0,432.0,1,9000.0,0.8928571428571429,agent,0.0,111
0,1,,HIGH,RECURRING,LOW,4821.28,432.0,432.0,0,0.0,0.8928571428571429,agent,0.0,111
0,0,2,HIGH,NEW,LOW,9448.34,432.0,432.0,1,22560.0,0.8928571428571429,agent,0.0,112
0,3,,LOW,RECURRING,LOW,3524.11,432.0,432.0,0,0.0,0.8928571428571429,agent,0.0,112
0,2,2,LOW,NEW,LOW,5611.925,432.0,432.0,1,11760.0,0.8928571428571429,agent,0.0,112
0,1,2,LOW,RECURRING,LOW,3695.56,432.0,432.0,1,8760.0,0.8928571428571429,agent,0.0,112
0,4,2,LOW,RECURRING,LOW,6227.105,432.0,432.0,1,11160.0,0.8928571428571429,agent,0.0,112
0,0,2,HIGH,NEW,LOW,5556.89,432.0,432.0,1,11160.0,0.8928571428571429,agent,0.0,113
0,0,,LOW,RECURRING,LOW,5517.015,432.0,432.0,0,0.0,0.8928571428571429,agent,0.0,114
0,3,2,LOW,NEW,LOW,3008.52,432.0,432.0,1,5400.0,0.8928571428571429,agent,0.0,115
0,2,2,LOW,NEW,LOW,2867.835,432.0,432.0,1,5400.0,0.8928571428571429,agent,0.0,115
0,1,,LOW,RECURRING,LOW,9865.41,432.0,432.0,0,0.0,0.8928571428571429,agent,0.0,115
0,0,2,HIGH,NEW,LOW,2662.585,432.0,432.0,1,5400.0,0.8928571428571429,agent,0.0,115
0,0,2,LOW,RECURRING,LOW,10909.205,432.0,432.0,1,19560.0,0.8928571428571429,agent,0.0,116
0,0,1,LOW,NEW,LOW,6535.17,432.0,432.0,1,9500.0,0.8928571428571429,agent,0.0,117
0,0,2,LOW,RECURRING,LOW,10343.745,432.0,432.0,1,19200.0,0.8928571428571429,agent,0.0,118
0,0,2,LOW,RECURRING,LOW,3642.915,432.0,432.0,1,8400.0,0.8928571428571429,agent,0.0,119
0,2,2,LOW,RECURRING,LOW,2662.805,432.0,432.0,1,5400.0,0.8928571428571429,agent,0.0,119
0,1,2,LOW,NEW,LOW,7163.265,432.0,432.0,1,14160.0,0.8928571428571429,agent,0.0,120
0,2,2,LOW,NEW,LOW,3994.245,432.0,432.0,1,9000.0,0.8928571428571429,agent,0.0,120
0,0,2,HIGH,NEW,LOW,3286.905,432.0,432.0,1,5760.0,0.8928571428571429,agent,0.0,120
1,1,1,LOW,NEW,LOW,8061.925,430.0,432.0,1,4500.0,0.8928571428571429,agent,4500.0,121
0,0,1,LOW,RECURRING,LOW,5855.46,430.0,430.0,1,9500.0,0.8928571428571429,agent,0.0,121
0,2,2,LOW,RECURRING,LOW,1815.295,430.0,430.0,1,3000.0,0.8928571428571429,agent,0.0,122
0,1,2,LOW,NEW,LOW,2926.925,430.0,430.0,1,5760.0,0.8928571428571429,agent,0.0,122
1,0,1,LOW,NEW,LOW,9623.705,426.0,430.0,1,9500.0,0.8928571428571429,agent,9500.0,122
0,0,0,HIGH,NEW,LOW,6177.655,426.0,426.0,1,10030.0,0.8928571428571429,agent,0.0,123
0,3,2,HIGH,NEW,LOW,2803.43,426.0,426.0,1,5400.0,0.8928571428571429,agent,0.0,124
0,2,,HIGH,RECURRING,LOW,4592.785,426.0,426.0,0,0.0,0.8928571428571429,agent,0.0,124
0,0,,HIGH,RECURRING,LOW,12033.515,426.0,426.0,0,0.0,0.8928571428571429,agent,0.0,124
0,2,2,LOW,RECURRING,LOW,4184.2,426.0,426.0,1,8400.0,0.8928571428571429,agent,0.0,125
0,0,2,LOW,RECURRING,LOW,6716.79,426.0,426.0,1,11520.0,0.8928571428571429,agent,0.0,125
0,0,1,HIGH,NEW,LOW,4402.725,426.0,426.0,1,7300.0,0.8928571428571429,agent,0.0,126
0,1,2,LOW,NEW,LOW,4130.425,426.0,426.0,1,8400.0,0.8928571428571429,agent,0.0,127
0,0,1,LOW,NEW,LOW,7023.84,426.0,426.0,1,11800.0,0.8928571428571429,agent,0.0,127
0,1,2,LOW,RECURRING,LOW,7156.12,426.0,426.0,1,16920.0,0.8928571428571429,agent,0.0,128
0,2,2,LOW,NEW,LOW,9964.53,426.0,426.0,1,17400.0,0.8928571428571429,agent,0.0,128
0,0,2,HIGH,RECURRING,LOW,4648.81,426.0,426.0,1,8400.0,0.8928571428571429,agent,0.0,128
0,3,2,LOW,RECURRING,LOW,11082.9,426.0,426.0,1,16800.0,0.8928571428571429,agent,0.0,128
0,3,2,LOW,RECURRING,LOW,8790.4,426.0,426.0,1,14520.0,0.8928571428571429,agent,0.0,129
0,1,2,LOW,NEW,LOW,2825.015,426.0,426.0,1,6000.0,0.8928571428571429,agent,0.0,129
0,2,,HIGH,RECURRING,LOW,8534.0,426.0,426.0,0,0.0,0.8928571428571429,agent,0.0,129
0,1,2,LOW,NEW,LOW,15160.82,426.0,426.0,1,34560.0,0.8928571428571429,agent,0.0,132
0,0,2,HIGH,RECURRING,LOW,1727.56,426.0,426.0,1,3000.0,0.8928571428571429,agent,0.0,134
0,0,2,LOW,NEW,LOW,23370.35,426.0,426.0,1,32160.0,0.8928571428571429,agent,0.0,135
0,3,1,LOW,NEW,LOW,10257.86,426.0,426.0,1,14000.0,0.8928571428571429,agent,0.0,136
0,0,2,LOW,RECURRING,LOW,6028.975,426.0,426.0,1,13800.0,0.8928571428571429,agent,0.0,139
0,2,,HIGH,RECURRING,LOW,2704.755,426.0,426.0,0,0.0,0.8928571428571429,agent,0.0,140
0,1,2,LOW,NEW,LOW,1360.405,426.0,426.0,1,3000.0,0.8928571428571429,agent,0.0,140
0,3,2,LOW,NEW,LOW,3050.28,426.0,426.0,1,5400.0,0.8928571428571429,agent,0.0,140
0,1,,LOW,RECURRING,LOW,12921.37,426.0,426.0,0,0.0,0.8928571428571429,agent,0.0,141
0,1,2,LOW,RECURRING,LOW,4167.52,426.0,426.0,1,8400.0,0.8928571428571429,agent,0.0,142
0,2,2,HIGH,NEW,LOW,6390.415,426.0,426.0,1,11400.0,0.8928571428571429,agent,0.0,142
0,1,2,LOW,RECURRING,LOW,4910.155,426.0,426.0,1,8400.0,0.8928571428571429,agent,0.0,143
0,2,1,LOW,NEW,LOW,8644.55,426.0,426.0,1,9000.0,0.8928571428571429,agent,0.0,143
0,3,1,HIGH,NEW,LOW,2865.1,426.0,426.0,1,5000.0,0.8928571428571429,agent,0.0,144
0,1,,HIGH,RECURRING,LOW,3125.725,426.0,426.0,0,0.0,0.8928571428571429,agent,0.0,144
0,2,2,LOW,NEW,LOW,6469.705,426.0,426.0,1,14160.0,0.8928571428571429,agent,0.0,144
0,0,2,HIGH,NEW,LOW,2902.455,426.0,426.0,1,5400.0,0.8928571428571429,agent,0.0,145
0,4,2,HIGH,RECURRING,LOW,16407.44,426.0,426.0,1,18000.0,0.8928571428571429,agent,0.0,146
0,1,2,LOW,RECURRING,LOW,3242.52,426.0,426.0,1,6000.0,0.8928571428571429,agent,0.0,146
0,0,2,HIGH,RECURRING,LOW,2455.57,426.0,426.0,1,5400.0,0.8928571428571429,agent,0.0,146
0,3,2,LOW,RECURRING,LOW,18293.855,426.0,426.0,1,20160.0,0.8928571428571429,agent,0.0,146
0,2,2,LOW,NEW,LOW,4515.66,426.0,426.0,1,8400.0,0.8928571428571429,agent,0.0,146
0,2,2,HIGH,NEW,LOW,12036.08,426.0,426.0,1,23160.0,0.8928571428571429,agent,0.0,147
1,1,2,HIGH,NEW,LOW,18583.89,422.0,426.0,1,11760.0,0.8928571428571429,agent,11760.0,147
0,3,2,HIGH,NEW,LOW,2953.98,422.0,422.0,1,6000.0,0.8928571428571429,agent,0.0,147
0,0,2,LOW,NEW,LOW,13240.925,422.0,422.0,1,14160.0,0.8928571428571429,agent,0.0,148
0,1,1,HIGH,NEW,LOW,5414.36,422.0,422.0,1,9000.0,0.8928571428571429,agent,0.0,149
0,0,1,LOW,NEW,LOW,3324.01,422.0,422.0,1,4500.0,0.8928571428571429,agent,0.0,149
0,0,2,HIGH,RECURRING,LOW,3608.755,422.0,422.0,1,8400.0,0.8928571428571429,agent,0.0,150
0,1,1,LOW,RECURRING,LOW,5213.845,422.0,422.0,1,9800.0,0.8928571428571429,agent,0.0,151
0,2,2,HIGH,NEW,LOW,5181.31,422.0,422.0,1,9000.0,0.8928571428571429,agent,0.0,151
0,2,2,LOW,RECURRING,LOW,2522.18,422.0,422.0,1,5400.0,0.8928571428571429,agent,0.0,152
0,0,1,HIGH,NEW,LOW,2643.33,422.0,422.0,1,4800.0,0.8928571428571429,agent,0.0,152
0,2,2,HIGH,NEW,LOW,1577.475,422.0,422.0,1,3000.0,0.8928571428571429,agent,0.0,154
0,2,1,HIGH,NEW,LOW,10196.115,422.0,422.0,1,14300.0,0.8928571428571429,agent,0.0,155
0,0,1,LOW,NEW,LOW,7094.005,422.0,422.0,1,11500.0,0.8928571428571429,agent,0.0,155
0,2,1,LOW,RECURRING,LOW,5022.02,422.0,422.0,1,7300.0,0.8928571428571429,agent,0.0,156
0,0,1,LOW,NEW,LOW,2984.105,422.0,422.0,1,4500.0,0.8928571428571429,agent,0.0,156
0,3,2,HIGH,RECURRING,LOW,6719.9,422.0,422.0,1,11160.0,0.8928571428571429,agent,0.0,157
0,0,2,HIGH,RECURRING,LOW,4419.8,422.0,422.0,1,8400.0,0.8928571428571429,agent,0.0,159
0,4,,HIGH,RECURRING,LOW,6555.865,422.0,422.0,0,0.0,0.8928571428571429,agent,0.0,160
0,2,2,LOW,RECURRING,LOW,8565.31,422.0,422.0,1,14760.0,0.8928571428571429,agent,0.0,160
0,1,2,LOW,RECURRING,LOW,8033.41,422.0,422.0,1,13800.0,0.8928571428571429,agent,0.0,160
0,3,,HIGH,NEW,LOW,8504.17,422.0,422.0,0,0.0,0.8928571428571429,agent,0.0,160
0,0,1,LOW,NEW,LOW,2508.975,422.0,422.0,1,5000.0,0.8928571428571429,agent,0.0,160
0,2,2,HIGH,NEW,LOW,6321.91,422.0,422.0,1,11400.0,0.8928571428571429,agent,0.0,161
0,3,2,LOW,NEW,LOW,6991.795,422.0,422.0,1,13800.0,0.8928571428571429,agent,0.0,161
0,3,1,LOW,NEW,LOW,4252.095,422.0,422.0,1,7300.0,0.8928571428571429,agent,0.0,162
0,3,2,LOW,NEW,LOW,10431.99,422.0,422.0,1,22200.0,0.8928571428571429,agent,0.0,163
0,2,2,LOW,NEW,LOW,6379.635,422.0,422.0,1,11160.0,0.8928571428571429,agent,0.0,163
0,1,1,LOW,NEW,LOW,12622.675,422.0,422.0,1,24100.0,0.8928571428571429,agent,0.0,164
1,0,1,LOW,NEW,LOW,13847.73,420.0,422.0,1,5000.0,0.8928571428571429,agent,5000.0,165
0,2,2,LOW,NEW,LOW,3163.995,420.0,420.0,1,6000.0,0.8928571428571429,agent,0.0,166
1,0,2,HIGH,RECURRING,LOW,8852.55,418.0,420.0,1,6000.0,0.8928571428571429,agent,6000.0,167
0,0,0,LOW,RECURRING,LOW,8458.195,418.0,418.0,1,10200.0,0.8928571428571429,agent,0.0,169
1,1,2,HIGH,RECURRING,LOW,8784.035,416.0,418.0,1,5400.0,0.8928571428571429,agent,5400.0,169
0,2,2,HIGH,RECURRING,LOW,8123.755,416.0,416.0,1,14520.0,0.8928571428571429,agent,0.0,173
1,0,2,HIGH,NEW,LOW,9240.17,414.0,416.0,1,5400.0,0.8928571428571429,agent,5400.0,174
0,1,2,LOW,NEW,LOW,15004.685,414.0,414.0,1,18000.0,0.8928571428571429,agent,0.0,176
1,2,2,HIGH,NEW,LOW,11519.5,410.0,414.0,1,11400.0,0.8928571428571429,agent,11400.0,176
0,3,2,HIGH,NEW,LOW,2715.98,410.0,410.0,1,5400.0,0.8928571428571429,agent,0.0,176
0,4,2,HIGH,NEW,LOW,7449.395,410.0,410.0,1,14160.0,0.8928571428571429,agent,0.0,176
0,4,1,LOW,RECURRING,LOW,1498.505,410.0,410.0,1,2500.0,0.8928571428571429,agent,0.0,177
0,3,,LOW,NEW,LOW,1417.005,410.0,410.0,0,0.0,0.8928571428571429,agent,0.0,177
0,2,1,LOW,RECURRING,LOW,9132.465,410.0,410.0,1,12300.0,0.8928571428571429,agent,0.0,177
0,1,1,LOW,RECURRING,LOW,3176.755,410.0,410.0,1,4800.0,0.8928571428571429,agent,0.0,177
0,5,2,HIGH,RECURRING,LOW,6967.96,410.0,410.0,1,13800.0,0.8928571428571429,agent,0.0,178
0,2,2,HIGH,NEW,LOW,7659.025,410.0,410.0,1,14400.0,0.8928571428571429,agent,0.0,178
0,0,2,LOW,NEW,LOW,3374.865,410.0,410.0,1,6000.0,0.8928571428571429,agent,0.0,178
1,0,2,HIGH,RECURRING,LOW,6776.56,409.0,410.0,1,3000.0,0.8928571428571429,agent,3000.0,179
0,0,2,HIGH,NEW,LOW,2712.755,409.0,409.0,1,5760.0,0.8928571428571429,agent,0.0,180
0,1,0,LOW,RECURRING,LOW,1254.555,409.0,409.0,1,2125.0,0.8928571428571429,agent,0.0,181
0,0,1,LOW,NEW,LOW,11301.68,409.0,409.0,1,11800.0,0.8928571428571429,agent,0.0,181
0,2,0,LOW,RECURRING,LOW,1487.83,409.0,409.0,1,2125.0,0.8928571428571429,agent,0.0,182
0,1,0,LOW,RECURRING,LOW,1437.76,409.0,409.0,1,2125.0,0.8928571428571429,agent,0.0,182
0,0,1,LOW,NEW,LOW,3150.545,409.0,409.0,1,4500.0,0.8928571428571429,agent,0.0,182
0,3,2,LOW,RECURRING,LOW,10123.655,409.0,409.0,1,16200.0,0.8928571428571429,agent,0.0,183
0,4,2,HIGH,RECURRING,LOW,14082.95,409.0,409.0,1,16560.0,0.8928571428571429,agent,0.0,183
0,2,2,LOW,NEW,LOW,9648.03,409.0,409.0,1,16200.0,0.8928571428571429,agent,0.0,183
0,1,1,LOW,NEW,LOW,2609.955,409.0,409.0,1,5000.0,0.8928571428571429,agent,0.0,183
0,1,1,LOW,NEW,LOW,5386.095,409.0,409.0,1,7500.0,0.8928571428571429,agent,0.0,184
0,3,1,HIGH,NEW,LOW,1819.05,409.0,409.0,1,2500.0,0.8928571428571429,agent,0.0,184
0,0,2,HIGH,NEW,LOW,8035.615,409.0,409.0,1,8760.0,0.8928571428571429,agent,0.0,185
0,2,2,HIGH,NEW,LOW,2570.455,409.0,409.0,1,6000.0,0.8928571428571429,agent,0.0,187
1,3,1,LOW,RECURRING,LOW,14745.85,403.0,409.0,1,14600.0,0.8928571428571429,agent,14600.0,187
0,4,2,HIGH,RECURRING,LOW,5217.275,403.0,403.0,1,8400.0,0.8928571428571429,agent,0.0,188
1,3,2,LOW,NEW,LOW,11515.37,399.0,403.0,1,11160.0,0.8928571428571429,agent,11160.0,188
0,1,1,LOW,RECURRING,LOW,8743.56,399.0,399.0,1,14600.0,0.8928571428571429,agent,0.0,188
0,2,1,LOW,NEW,LOW,5358.605,399.0,399.0,1,9800.0,0.8928571428571429,agent,0.0,188
0,1,2,LOW,NEW,LOW,2732.66,399.0,399.0,1,5400.0,0.8928571428571429,agent,0.0,189
1,2,0,LOW,RECURRING,LOW,5571.82,398.0,399.0,1,2125.0,0.8928571428571429,agent,2125.0,189
0,2,1,LOW,RECURRING,LOW,8147.345,398.0,398.0,1,11800.0,0.8928571428571429,agent,0.0,190
0,1,1,LOW,NEW,LOW,5621.765,398.0,398.0,1,9000.0,0.8928571428571429,agent,0.0,190
0,1,2,LOW,RECURRING,LOW,5045.565,398.0,398.0,1,8400.0,0.8928571428571429,agent,0.0,191
0,0,1,LOW,RECURRING,LOW,1734.965,398.0,398.0,1,2500.0,0.8928571428571429,agent,0.0,192
0,1,2,HIGH,RECURRING,LOW,3141.74,398.0,398.0,1,5400.0,0.8928571428571429,agent,0.0,192
0,2,1,LOW,RECURRING,LOW,6368.435,398.0,398.0,1,9800.0,0.8928571428571429,agent,0.0,192
0,0,,HIGH,NEW,LOW,4316.995,398.0,398.0,0,0.0,0.8928571428571429,agent,0.0,193
0,1,2,HIGH,NEW,LOW,4533.89,398.0,398.0,1,10800.0,0.8928571428571429,agent,0.0,194
1,3,1,LOW,RECURRING,LOW,13261.745,393.0,398.0,1,12000.0,0.8928571428571429,agent,12000.0,194
0,0,1,LOW,RECURRING,LOW,6586.13,393.0,393.0,1,12000.0,0.8928571428571429,agent,0.0,194
0,2,2,HIGH,NEW,LOW,4545.85,393.0,393.0,1,8400.0,0.8928571428571429,agent,0.0,194
0,3,1,LOW,NEW,LOW,2922.555,393.0,393.0,1,4500.0,0.8928571428571429,agent,0.0,195
0,1,2,HIGH,NEW,LOW,7659.535,393.0,393.0,1,13800.0,0.8928571428571429,agent,0.0,195
0,2,2,LOW,NEW,LOW,4438.32,393.0,393.0,1,8400.0,0.8928571428571429,agent,0.0,196
0,1,1,LOW,RECURRING,LOW,4779.52,393.0,393.0,1,7000.0,0.8928571428571429,agent,0.0,196
0,0,1,HIGH,NEW,LOW,6203.955,393.0,393.0,1,9000.0,0.8928571428571429,agent,0.0,196
0,2,2,HIGH,RECURRING,LOW,2296.5,393.0,393.0,1,5400.0,0.8928571428571429,agent,0.0,197
0,1,2,HIGH,NEW,LOW,11194.14,393.0,393.0,1,19560.0,0.8928571428571429,agent,0.0,197
0,5,2,HIGH,NEW,LOW,12366.77,393.0,393.0,1,25320.0,0.8928571428571429,agent,0.0,197
0,3,2,LOW,NEW,LOW,1665.61,393.0,393.0,1,3000.0,0.8928571428571429,agent,0.0,197
0,1,2,HIGH,NEW,LOW,13237.385,393.0,393.0,1,27960.0,0.8928571428571429,agent,0.0,198
0,1,2,LOW,NEW,LOW,6797.11,393.0,393.0,1,11160.0,0.8928571428571429,agent,0.0,199
0,0,2,HIGH,NEW,LOW,4612.195,393.0,393.0,1,8760.0,0.8928571428571429,agent,0.0,202
0,3,0,LOW,NEW,LOW,8937.98,393.0,393.0,1,10455.0,0.8928571428571429,agent,0.0,204
0,0,1,HIGH,NEW,LOW,10277.05,393.0,393.0,1,19000.0,0.8928571428571429,agent,0.0,204
0,6,1,HIGH,NEW,LOW,3587.855,393.0,393.0,1,5000.0,0.8928571428571429,agent,0.0,204
0,5,,HIGH,RECURRING,LOW,6419.715,393.0,393.0,0,0.0,0.8928571428571429,agent,0.0,204
0,4,1,LOW,NEW,LOW,1299.995,393.0,393.0,1,2500.0,0.8928571428571429,agent,0.0,204
0,1,1,LOW,NEW,LOW,10811.69,393.0,393.0,1,14800.0,0.8928571428571429,agent,0.0,204
0,5,1,LOW,NEW,LOW,2840.74,393.0,393.0,1,4800.0,0.8928571428571429,agent,0.0,205
0,3,2,HIGH,NEW,LOW,3334.575,393.0,393.0,1,5760.0,0.8928571428571429,agent,0.0,205
0,1,1,HIGH,NEW,LOW,6746.86,393.0,393.0,1,12100.0,0.8928571428571429,agent,0.0,205
0,0,1,LOW,RECURRING,LOW,7396.655,393.0,393.0,1,12300.0,0.8928571428571429,agent,0.0,205
0,2,1,LOW,NEW,LOW,3321.64,393.0,393.0,1,4800.0,0.8928571428571429,agent,0.0,206
0,3,1,LOW,NEW,LOW,3507.225,393.0,393.0,1,4800.0,0.8928571428571429,agent,0.0,206
0,1,2,LOW,RECURRING,LOW,7706.63,393.0,393.0,1,13800.0,0.8928571428571429,agent,0.0,206
1,0,1,LOW,NEW,LOW,9215.41,391.0,393.0,1,5000.0,0.8928571428571429,agent,5000.0,206
1,4,2,LOW,RECURRING,LOW,13766.64,390.0,391.0,1,3000.0,0.8928571428571429,agent,3000.0,207
1,2,1,LOW,NEW,LOW,5751.81,389.0,390.0,1,2500.0,0.8928571428571429,agent,2500.0,207
0,0,2,HIGH,NEW,LOW,8709.04,389.0,389.0,1,17400.0,0.8928571428571429,agent,0.0,208
1,0,1,LOW,NEW,LOW,15879.445,383.0,389.0,1,13800.0,0.8928571428571429,agent,13800.0,210
1,2,2,HIGH,NEW,LOW,6827.44,381.0,383.0,1,5400.0,0.8928571428571429,agent,5400.0,212
0,1,,HIGH,RECURRING,LOW,1679.815,381.0,381.0,0,0.0,0.8928571428571429,agent,0.0,212
0,0,2,LOW,RECURRING,LOW,14745.615,381.0,381.0,1,16920.0,0.8928571428571429,agent,0.0,212
0,0,,HIGH,RECURRING,LOW,8031.505,381.0,381.0,0,0.0,0.8928571428571429,agent,0.0,214
0,0,0,LOW,RECURRING,LOW,5847.92,381.0,381.0,1,8075.0,0.8928571428571429,agent,0.0,217
0,1,2,LOW,NEW,LOW,5515.375,381.0,381.0,1,9000.0,0.8928571428571429,agent,0.0,217
0,0,2,HIGH,NEW,LOW,5804.275,381.0,381.0,1,10800.0,0.8928571428571429,agent,0.0,218
0,0,1,LOW,RECURRING,LOW,1714.135,381.0,381.0,1,2500.0,0.8928571428571429,agent,0.0,219
0,1,2,HIGH,RECURRING,LOW,1869.96,381.0,381.0,1,3000.0,0.8928571428571429,agent,0.0,219
0,1,,HIGH,NEW,LOW,1330.35,381.0,381.0,0,0.0,0.8928571428571429,agent,0.0,220
0,1,1,LOW,NEW,LOW,4453.805,381.0,381.0,1,7000.0,0.8928571428571429,agent,0.0,221
0,0,2,HIGH,RECURRING,LOW,9874.15,381.0,381.0,1,20160.0,0.8928571428571429,agent,0.0,221
0,2,2,HIGH,NEW,LOW,3404.665,381.0,381.0,1,5760.0,0.8928571428571429,agent,0.0,223
0,0,1,LOW,NEW,LOW,12404.41,381.0,381.0,1,14300.0,0.8928571428571429,agent,0.0,223
0,0,2,LOW,NEW,LOW,4224.66,381.0,381.0,1,8760.0,0.8928571428571429,agent,0.0,224
1,1,0,HIGH,NEW,LOW,8228.36,379.0,381.0,1,3825.0,0.8928571428571429,agent,3825.0,224
0,0,,HIGH,RECURRING,LOW,3572.45,379.0,379.0,0,0.0,0.8928571428571429,agent,0.0,225
0,2,1,LOW,NEW,LOW,1741.475,379.0,379.0,1,2500.0,0.8928571428571429,agent,0.0,225
0,2,2,HIGH,NEW,LOW,11394.96,379.0,379.0,1,19560.0,0.8928571428571429,agent,0.0,228
1,4,2,LOW,NEW,LOW,15754.0,374.0,379.0,1,14400.0,0.8928571428571429,agent,14400.0,228
0,6,2,LOW,NEW,LOW,19790.225,374.0,374.0,1,25920.0,0.8928571428571429,agent,0.0,228
0,3,2,LOW,NEW,LOW,8161.27,374.0,374.0,1,17160.0,0.8928571428571429,agent,0.0,229
0,0,2,LOW,NEW,LOW,6170.07,374.0,374.0,1,11400.0,0.8928571428571429,agent,0.0,230
0,3,1,LOW,RECURRING,LOW,12978.475,374.0,374.0,1,16000.0,0.8928571428571429,agent,0.0,230
0,0,2,LOW,RECURRING,LOW,5617.105,374.0,374.0,1,11520.0,0.8928571428571429,agent,0.0,231
0,1,1,LOW,RECURRING,LOW,8179.85,374.0,374.0,1,14000.0,0.8928571428571429,agent,0.0,231
0,3,2,HIGH,RECURRING,LOW,1283.425,374.0,374.0,1,3000.0,0.8928571428571429,agent,0.0,232
1,0,0,LOW,RECURRING,LOW,5989.335,373.0,374.0,1,2125.0,0.8928571428571429,agent,2125.0,232
1,0,2,LOW,NEW,LOW,11801.96,369.0,373.0,1,11400.0,0.8928571428571429,agent,11400.0,234
1,0,0,LOW,NEW,LOW,8551.035,367.0,369.0,1,4080.0,0.8928571428571429,agent,4080.0,235
0,1,2,LOW,NEW,LOW,4222.955,367.0,367.0,1,8400.0,0.8928571428571429,agent,0.0,237
0,2,2,LOW,RECURRING,LOW,2537.56,367.0,367.0,1,5400.0,0.8928571428571429,agent,0.0,237
0,2,2,LOW,NEW,LOW,4878.56,367.0,367.0,1,8760.0,0.8928571428571429,agent,0.0,238
1,3,2,LOW,NEW,LOW,13949.38,363.0,367.0,1,11400.0,0.8928571428571429,agent,11400.0,239
0,2,,HIGH,RECURRING,LOW,11264.2,363.0,363.0,0,0.0,0.8928571428571429,agent,0.0,239
0,1,2,HIGH,NEW,LOW,1476.62,363.0,363.0,1,3000.0,0.8928571428571429,agent,0.0,239
0,1,1,LOW,RECURRING,LOW,1513.045,363.0,363.0,1,2500.0,0.8928571428571429,agent,0.0,240
0,2,2,LOW,NEW,LOW,9706.95,363.0,363.0,1,16560.0,0.8928571428571429,agent,0.0,241
0,1,2,HIGH,NEW,LOW,5028.885,363.0,363.0,1,11760.0,0.8928571428571429,agent,0.0,242
0,0,1,LOW,RECURRING,LOW,5514.495,363.0,363.0,1,9300.0,0.8928571428571429,agent,0.0,244
1,0,2,HIGH,NEW,LOW,9645.685,360.0,363.0,1,8400.0,0.8928571428571429,agent,8400.0,245
0,4,2,HIGH,NEW,LOW,1291.935,360.0,360.0,1,3000.0,0.8928571428571429,agent,0.0,245
0,1,1,LOW,RECURRING,LOW,1263.895,360.0,360.0,1,2500.0,0.8928571428571429,agent,0.0,246
0,0,2,LOW,NEW,LOW,7193.245,360.0,360.0,1,17160.0,0.8928571428571429,agent,0.0,246
0,0,1,LOW,NEW,LOW,2549.39,360.0,360.0,1,4500.0,0.8928571428571429,agent,0.0,247
0,1,1,LOW,RECURRING,LOW,8320.77,360.0,360.0,1,14500.0,0.8928571428571429,agent,0.0,247
0,1,1,LOW,RECURRING,LOW,5340.77,360.0,360.0,1,7500.0,0.8928571428571429,agent,0.0,250
0,1,2,HIGH,NEW,LOW,4807.335,360.0,360.0,1,8760.0,0.8928571428571429,agent,0.0,251
0,0,2,LOW,RECURRING,LOW,8779.155,360.0,360.0,1,19920.0,0.8928571428571429,agent,0.0,251
0,1,2,LOW,NEW,LOW,4464.34,360.0,360.0,1,9000.0,0.8928571428571429,agent,0.0,252
1,0,2,LOW,NEW,LOW,10870.94,357.0,360.0,1,8400.0,0.8928571428571429,agent,8400.0,252
0,0,2,LOW,NEW,LOW,12183.425,357.0,357.0,1,21960.0,0.8928571428571429,agent,0.0,253
0,0,1,LOW,NEW,LOW,6873.115,357.0,357.0,1,9800.0,0.8928571428571429,agent,0.0,254
0,3,2,HIGH,NEW,LOW,4096.3,357.0,357.0,1,8400.0,0.8928571428571429,agent,0.0,255
0,0,2,LOW,NEW,LOW,1775.16,357.0,357.0,1,3000.0,0.8928571428571429,agent,0.0,255
0,1,,HIGH,RECURRING,LOW,8311.42,357.0,357.0,0,0.0,0.8928571428571429,agent,0.0,255
0,1,1,LOW,RECURRING,LOW,5117.73,357.0,357.0,1,7000.0,0.8928571428571429,agent,0.0,257
0,2,1,LOW,RECURRING,LOW,6588.585,357.0,357.0,1,11500.0,0.8928571428571429,agent,0.0,257
0,0,2,LOW,NEW,LOW,3817.09,357.0,357.0,1,8400.0,0.8928571428571429,agent,0.0,258
1,3,2,LOW,NEW,LOW,17496.89,353.0,357.0,1,11760.0,0.8928571428571429,agent,11760.0,260
0,1,2,LOW,NEW,LOW,3247.64,353.0,353.0,1,5400.0,0.8928571428571429,agent,0.0,260
0,2,,HIGH,RECURRING,LOW,3076.47,353.0,353.0,0,0.0,0.8928571428571429,agent,0.0,260
0,3,2,HIGH,NEW,LOW,9317.165,353.0,353.0,1,19560.0,0.8928571428571429,agent,0.0,261
0,1,2,LOW,NEW,LOW,2570.685,353.0,353.0,1,6000.0,0.8928571428571429,agent,0.0,261
0,0,2,HIGH,NEW,LOW,9543.06,353.0,353.0,1,16800.0,0.8928571428571429,agent,0.0,262
0,2,,HIGH,RECURRING,LOW,3667.58,353.0,353.0,0,0.0,0.8928571428571429,agent,0.0,263
0,1,2,HIGH,NEW,LOW,6623.76,353.0,353.0,1,13800.0,0.8928571428571429,agent,0.0,263
0,2,2,LOW,RECURRING,LOW,4614.25,353.0,353.0,1,9000.0,0.8928571428571429,agent,0.0,264
0,0,2,HIGH,NEW,LOW,9596.945,353.0,353.0,1,19800.0,0.8928571428571429,agent,0.0,264
0,0,2,HIGH,NEW,LOW,13859.84,353.0,353.0,1,22200.0,0.8928571428571429,agent,0.0,265
0,3,1,LOW,NEW,LOW,5642.6,353.0,353.0,1,9300.0,0.8928571428571429,agent,0.0,265
0,2,2,LOW,NEW,LOW,3576.04,353.0,353.0,1,6000.0,0.8928571428571429,agent,0.0,269
0,3,2,LOW,NEW,LOW,3442.08,353.0,353.0,1,5760.0,0.8928571428571429,agent,0.0,269
1,1,2,LOW,RECURRING,LOW,7893.925,351.0,353.0,1,5400.0,0.8928571428571429,agent,5400.0,269
0,1,,HIGH,RECURRING,LOW,1311.06,351.0,351.0,0,0.0,0.8928571428571429,agent,0.0,270
0,2,2,LOW,RECURRING,LOW,1782.98,351.0,351.0,1,3000.0,0.8928571428571429,agent,0.0,270
0,3,2,LOW,NEW,LOW,4750.98,351.0,351.0,1,8400.0,0.8928571428571429,agent,0.0,270
0,0,1,HIGH,NEW,LOW,6045.765,351.0,351.0,1,11500.0,0.8928571428571429,agent,0.0,270
0,0,2,HIGH,NEW,LOW,1512.77,351.0,351.0,1,3000.0,0.8928571428571429,agent,0.0,271
0,1,1,LOW,NEW,LOW,6264.325,351.0,351.0,1,12000.0,0.8928571428571429,agent,0.0,271
0,1,2,LOW,NEW,LOW,4027.35,351.0,351.0,1,8400.0,0.8928571428571429,agent,0.0,272
0,0,2,LOW,NEW,LOW,5814.365,351.0,351.0,1,12000.0,0.8928571428571429,agent,0.0,272
1,2,2,HIGH,RECURRING,LOW,9096.36,349.0,351.0,1,5400.0,0.8928571428571429,agent,5400.0,273
0,1,2,HIGH,RECURRING,LOW,3117.23,349.0,349.0,1,5400.0,0.8928571428571429,agent,0.0,274
0,0,2,HIGH,NEW,LOW,1744.505,349.0,349.0,1,3000.0,0.8928571428571429,agent,0.0,275
0,1,2,LOW,NEW,LOW,9876.77,349.0,349.0,1,20520.0,0.8928571428571429,agent,0.0,276
0,3,,HIGH,RECURRING,LOW,6341.235,349.0,349.0,0,0.0,0.8928571428571429,agent,0.0,277
0,0,,HIGH,RECURRING,LOW,2501.735,349.0,349.0,0,0.0,0.8928571428571429,agent,0.0,277
0,0,2,LOW,NEW,LOW,6441.435,349.0,349.0,1,13800.0,0.8928571428571429,agent,0.0,279
0,2,2,HIGH,NEW,LOW,12824.415,349.0,349.0,1,28200.0,0.8928571428571429,agent,0.0,280
1,3,1,LOW,NEW,LOW,6070.1,348.0,349.0,1,2500.0,0.8928571428571429,agent,2500.0,280
1,0,2,HIGH,NEW,LOW,6539.82,347.0,348.0,1,3000.0,0.8928571428571429,agent,3000.0,280
0,1,1,LOW,NEW,LOW,8885.68,347.0,347.0,1,12000.0,0.8928571428571429,agent,0.0,280
0,3,2,LOW,NEW,LOW,8248.06,347.0,347.0,1,14400.0,0.8928571428571429,agent,0.0,281
1,0,1,HIGH,NEW,LOW,12704.715,343.0,347.0,1,9500.0,0.8928571428571429,agent,9500.0,281
0,0,2,LOW,RECURRING,LOW,2407.755,343.0,343.0,1,5400.0,0.8928571428571429,agent,0.0,283
0,3,2,LOW,NEW,LOW,7816.505,343.0,343.0,1,8760.0,0.8928571428571429,agent,0.0,283
0,2,2,LOW,RECURRING,LOW,2886.56,343.0,343.0,1,5400.0,0.8928571428571429,agent,0.0,284
0,0,2,LOW,NEW,LOW,6588.87,343.0,343.0,1,11760.0,0.8928571428571429,agent,0.0,284
0,0,2,HIGH,NEW,LOW,5020.195,343.0,343.0,1,8400.0,0.8928571428571429,agent,0.0,285
0,3,2,LOW,NEW,LOW,8907.04,343.0,343.0,1,16800.0,0.8928571428571429,agent,0.0,286
0,0,2,LOW,RECURRING,LOW,3863.51,343.0,343.0,1,8760.0,0.8928571428571429,agent,0.0,286
0,1,2,HIGH,NEW,LOW,8269.0,343.0,343.0,1,13800.0,0.8928571428571429,agent,0.0,286
0,0,2,HIGH,RECURRING,LOW,1868.44,343.0,343.0,1,3000.0,0.8928571428571429,agent,0.0,287
0,3,2,HIGH,NEW,LOW,9557.59,343.0,343.0,1,17160.0,0.8928571428571429,agent,0.0,288
0,4,,HIGH,RECURRING,LOW,3560.395,343.0,343.0,0,0.0,0.8928571428571429,agent,0.0,288
1,1,2,HIGH,RECURRING,LOW,8828.38,341.0,343.0,1,5760.0,0.8928571428571429,agent,5760.0,290
0,0,2,LOW,NEW,LOW,11298.595,341.0,341.0,1,19200.0,0.8928571428571429,agent,0.0,290
0,1,2,LOW,NEW,LOW,10406.06,341.0,341.0,1,23160.0,0.8928571428571429,agent,0.0,291
0,2,2,LOW,NEW,LOW,8935.05,341.0,341.0,1,16560.0,0.8928571428571429,agent,0.0,291
0,0,2,LOW,NEW,LOW,13123.31,341.0,341.0,1,14160.0,0.8928571428571429,agent,0.0,291
0,0,2,LOW,RECURRING,LOW,9589.215,341.0,341.0,1,22200.0,0.8928571428571429,agent,0.0,292
0,1,1,LOW,NEW,LOW,8412.905,341.0,341.0,1,13500.0,0.8928571428571429,agent,0.0,292
0,1,2,HIGH,NEW,LOW,5906.705,341.0,341.0,1,11160.0,0.8928571428571429,agent,0.0,294
0,2,2,HIGH,NEW,LOW,1543.375,341.0,341.0,1,3000.0,0.8928571428571429,agent,0.0,295
0,0,2,LOW,NEW,LOW,4035.335,341.0,341.0,1,8760.0,0.8928571428571429,agent,0.0,296
0,2,1,LOW,NEW,LOW,9676.225,341.0,341.0,1,14300.0,0.8928571428571429,agent,0.0,297
0,1,2,HIGH,NEW,LOW,3103.945,341.0,341.0,1,5400.0,0.8928571428571429,agent,0.0,298
1,4,2,LOW,NEW,LOW,10553.795,338.0,341.0,1,8400.0,0.8928571428571429,agent,8400.0,298
0,0,2,LOW,RECURRING,LOW,15274.76,338.0,338.0,1,32520.0,0.8928571428571429,agent,0.0,298
0,3,2,LOW,NEW,LOW,7880.79,338.0,338.0,1,13800.0,0.8928571428571429,agent,0.0,298
0,0,0,LOW,RECURRING,LOW,4177.385,338.0,338.0,1,6375.0,0.8928571428571429,agent,0.0,299
0,1,2,HIGH,NEW,LOW,2529.615,338.0,338.0,1,5760.0,0.8928571428571429,agent,0.0,299
0,6,2,LOW,NEW,LOW,2412.49,338.0,338.0,1,5760.0,0.8928571428571429,agent,0.0,300
0,4,0,LOW,RECURRING,LOW,4047.345,338.0,338.0,1,6205.0,0.8928571428571429,agent,0.0,300
0,3,,HIGH,RECURRING,LOW,17812.565,338.0,338.0,0,0.0,0.8928571428571429,agent,0.0,300
0,5,2,LOW,RECURRING,LOW,3652.705,338.0,338.0,1,8400.0,0.8928571428571429,agent,0.0,300
0,1,2,LOW,NEW,LOW,7029.315,338.0,338.0,1,11400.0,0.8928571428571429,agent,0.0,301
0,2,1,HIGH,NEW,LOW,3296.375,338.0,338.0,1,4800.0,0.8928571428571429,agent,0.0,302
0,0,1,LOW,NEW,LOW,1749.94,338.0,338.0,1,2500.0,0.8928571428571429,agent,0.0,302
0,1,2,HIGH,RECURRING,LOW,2988.92,338.0,338.0,1,5400.0,0.8928571428571429,agent,0.0,302
0,1,,HIGH,RECURRING,LOW,1454.5,338.0,338.0,0,0.0,0.8928571428571429,agent,0.0,303
0,1,2,HIGH,RECURRING,LOW,1305.275,338.0,338.0,1,3000.0,0.8928571428571429,agent,0.0,305
0,0,2,LOW,NEW,LOW,6840.11,338.0,338.0,1,13800.0,0.8928571428571429,agent,0.0,305
0,2,2,LOW,NEW,LOW,5474.14,338.0,338.0,1,8760.0,0.8928571428571429,agent,0.0,305
0,3,2,HIGH,NEW,LOW,3137.245,338.0,338.0,1,5400.0,0.8928571428571429,agent,0.0,305
0,0,1,LOW,NEW,LOW,4687.01,338.0,338.0,1,7000.0,0.8928571428571429,agent,0.0,306
0,1,1,LOW,NEW,LOW,3355.535,338.0,338.0,1,5000.0,0.8928571428571429,agent,0.0,306
0,1,2,HIGH,NEW,LOW,8340.275,338.0,338.0,1,17760.0,0.8928571428571429,agent,0.0,307
0,0,2,LOW,RECURRING,LOW,2706.145,338.0,338.0,1,5400.0,0.8928571428571429,agent,0.0,307
0,0,1,LOW,NEW,LOW,4879.265,338.0,338.0,1,7000.0,0.8928571428571429,agent,0.0,308
0,1,2,HIGH,NEW,LOW,2320.315,338.0,338.0,1,5400.0,0.8928571428571429,agent,0.0,308
0,0,2,HIGH,RECURRING,LOW,9338.265,338.0,338.0,1,17760.0,0.8928571428571429,agent,0.0,310
1,1,2,LOW,NEW,LOW,12058.685,334.0,338.0,1,11760.0,0.8928571428571429,agent,11760.0,312
1,0,2,HIGH,NEW,LOW,7170.98,333.0,334.0,1,3000.0,0.8928571428571429,agent,3000.0,312
0,2,2,LOW,RECURRING,LOW,18135.285,333.0,333.0,1,19560.0,0.8928571428571429,agent,0.0,313
0,3,1,LOW,NEW,LOW,5301.585,333.0,333.0,1,9800.0,0.8928571428571429,agent,0.0,313
0,1,2,LOW,NEW,LOW,8481.22,333.0,333.0,1,18000.0,0.8928571428571429,agent,0.0,314
1,5,1,LOW,NEW,LOW,10344.75,329.0,333.0,1,9300.0,0.8928571428571429,agent,9300.0,315
0,1,2,LOW,NEW,LOW,8007.37,329.0,329.0,1,14160.0,0.8928571428571429,agent,0.0,316
0,4,2,LOW,RECURRING,LOW,2722.36,329.0,329.0,1,5400.0,0.8928571428571429,agent,0.0,317
0,0,2,LOW,RECURRING,LOW,1860.22,329.0,329.0,1,3000.0,0.8928571428571429,agent,0.0,317
0,3,2,HIGH,NEW,LOW,2977.325,329.0,329.0,1,6000.0,0.8928571428571429,agent,0.0,317
0,1,2,LOW,RECURRING,LOW,2821.65,329.0,329.0,1,5760.0,0.8928571428571429,agent,0.0,317
0,1,2,LOW,NEW,LOW,12554.25,329.0,329.0,1,19920.0,0.8928571428571429,agent,0.0,318
0,2,1,LOW,RECURRING,LOW,8033.49,329.0,329.0,1,11500.0,0.8928571428571429,agent,0.0,319
0,0,2,HIGH,RECURRING,LOW,4918.01,329.0,329.0,1,8400.0,0.8928571428571429,agent,0.0,319
0,1,2,HIGH,NEW,LOW,3217.965,329.0,329.0,1,5760.0,0.8928571428571429,agent,0.0,320
0,0,,HIGH,RECURRING,LOW,5905.565,329.0,329.0,0,0.0,0.8928571428571429,agent,0.0,320
0,1,2,LOW,NEW,LOW,2884.275,329.0,329.0,1,6000.0,0.8928571428571429,agent,0.0,322
0,0,2,HIGH,NEW,LOW,2376.73,329.0,329.0,1,5400.0,0.8928571428571429,agent,0.0,322
0,0,2,LOW,NEW,LOW,2648.045,329.0,329.0,1,6000.0,0.8928571428571429,agent,0.0,323
0,4,2,LOW,NEW,LOW,5987.225,329.0,329.0,1,11160.0,0.8928571428571429,agent,0.0,323
0,3,2,LOW,RECURRING,LOW,10854.66,329.0,329.0,1,23760.0,0.8928571428571429,agent,0.0,323
0,1,2,LOW,RECURRING,LOW,3241.33,329.0,329.0,1,5400.0,0.8928571428571429,agent,0.0,323
0,3,,HIGH,RECURRING,LOW,6241.045,329.0,329.0,0,0.0,0.8928571428571429,agent,0.0,324
1,4,2,LOW,RECURRING,LOW,10041.11,326.0,329.0,1,9000.0,0.8928571428571429,agent,9000.0,324
0,0,,HIGH,RECURRING,LOW,5070.59,326.0,326.0,0,0.0,0.8928571428571429,agent,0.0,324
0,2,2,HIGH,NEW,LOW,3691.28,326.0,326.0,1,6000.0,0.8928571428571429,agent,0.0,326
0,1,2,HIGH,RECURRING,LOW,4920.23,326.0,326.0,1,11400.0,0.8928571428571429,agent,0.0,326
0,0,2,LOW,NEW,LOW,13201.75,326.0,326.0,1,14160.0,0.8928571428571429,agent,0.0,326
0,0,,HIGH,RECURRING,LOW,12227.285,326.0,326.0,0,0.0,0.8928571428571429,agent,0.0,329
0,1,2,LOW,NEW,LOW,3282.635,326.0,326.0,1,5760.0,0.8928571428571429,agent,0.0,329
0,3,1,LOW,NEW,LOW,4931.075,326.0,326.0,1,9500.0,0.8928571428571429,agent,0.0,331
0,2,,HIGH,RECURRING,LOW,6538.08,326.0,326.0,0,0.0,0.8928571428571429,agent,0.0,331
0,0,2,HIGH,RECURRING,LOW,7526.895,326.0,326.0,1,14520.0,0.8928571428571429,agent,0.0,331
0,1,2,LOW,NEW,LOW,3660.195,326.0,326.0,1,6000.0,0.8928571428571429,agent,0.0,337
0,4,2,HIGH,NEW,LOW,10271.415,326.0,326.0,1,19200.0,0.8928571428571429,agent,0.0,337
0,2,2,LOW,NEW,LOW,2619.8,326.0,326.0,1,6000.0,0.8928571428571429,agent,0.0,337
0,1,2,LOW,RECURRING,LOW,5440.555,326.0,326.0,1,10800.0,0.8928571428571429,agent,0.0,338
0,2,2,LOW,NEW,LOW,5075.69,326.0,326.0,1,8400.0,0.8928571428571429,agent,0.0,338
0,1,0,LOW,RECURRING,LOW,13550.905,326.0,326.0,1,13855.0,0.8928571428571429,agent,0.0,339
0,2,2,HIGH,NEW,LOW,4922.255,326.0,326.0,1,8400.0,0.8928571428571429,agent,0.0,339
0,4,2,LOW,RECURRING,LOW,5466.1,326.0,326.0,1,9000.0,0.8928571428571429,agent,0.0,339
0,2,2,LOW,NEW,LOW,2790.81,326.0,326.0,1,5760.0,0.8928571428571429,agent,0.0,340
0,3,2,HIGH,NEW,LOW,6270.795,326.0,326.0,1,11760.0,0.8928571428571429,agent,0.0,340
0,4,2,LOW,NEW,LOW,3111.215,326.0,326.0,1,5400.0,0.8928571428571429,agent,0.0,340
0,4,1,LOW,NEW,LOW,3282.445,326.0,326.0,1,5000.0,0.8928571428571429,agent,0.0,341
0,0,0,LOW,RECURRING,LOW,6024.37,326.0,326.0,1,7650.0,0.8928571428571429,agent,0.0,341
0,0,2,LOW,NEW,LOW,7013.2,326.0,326.0,1,11760.0,0.8928571428571429,agent,0.0,342
0,0,1,LOW,NEW,LOW,4083.945,326.0,326.0,1,7000.0,0.8928571428571429,agent,0.0,343
1,0,2,HIGH,RECURRING,LOW,23910.77,318.0,326.0,1,23520.0,0.8928571428571429,agent,23520.0,345
0,1,2,HIGH,NEW,LOW,3303.93,318.0,318.0,1,5760.0,0.8928571428571429,agent,0.0,345
0,0,2,LOW,NEW,LOW,4092.07,318.0,318.0,1,8760.0,0.8928571428571429,agent,0.0,346
0,1,,HIGH,RECURRING,LOW,6607.685,318.0,318.0,0,0.0,0.8928571428571429,agent,0.0,347
0,1,2,LOW,NEW,LOW,1599.36,318.0,318.0,1,3000.0,0.8928571428571429,agent,0.0,348
0,1,2,HIGH,RECURRING,LOW,4149.955,318.0,318.0,1,8760.0,0.8928571428571429,agent,0.0,350
0,0,2,HIGH,NEW,LOW,1430.915,318.0,318.0,1,3000.0,0.8928571428571429,agent,0.0,350
0,2,2,LOW,NEW,LOW,10547.255,318.0,318.0,1,17160.0,0.8928571428571429,agent,0.0,350
0,0,,HIGH,RECURRING,LOW,13332.725,318.0,318.0,0,0.0,0.8928571428571429,agent,0.0,352
0,3,0,LOW,RECURRING,LOW,2662.555,318.0,318.0,1,3825.0,0.8928571428571429,agent,0.0,353
1,0,0,LOW,RECURRING,LOW,9259.395,315.0,318.0,1,6205.0,0.8928571428571429,agent,6205.0,353
0,0,0,LOW,RECURRING,LOW,10380.185,315.0,315.0,1,14110.0,0.8928571428571429,agent,0.0,354
0,0,2,HIGH,NEW,LOW,1608.77,315.0,315.0,1,3000.0,0.8928571428571429,agent,0.0,355
0,1,0,LOW,RECURRING,LOW,1260.0,315.0,315.0,1,2125.0,0.8928571428571429,agent,0.0,356
0,2,2,LOW,RECURRING,LOW,4915.83,315.0,315.0,1,8760.0,0.8928571428571429,agent,0.0,356
0,1,2,HIGH,RECURRING,LOW,3283.565,315.0,315.0,1,6000.0,0.8928571428571429,agent,0.0,357
0,2,2,LOW,NEW,LOW,10816.015,315.0,315.0,1,20520.0,0.8928571428571429,agent,0.0,357
0,3,2,LOW,NEW,LOW,4733.485,315.0,315.0,1,8400.0,0.8928571428571429,agent,0.0,358
0,2,2,LOW,NEW,LOW,3133.365,315.0,315.0,1,5760.0,0.8928571428571429,agent,0.0,358
0,0,2,LOW,RECURRING,LOW,2841.5,315.0,315.0,1,5760.0,0.8928571428571429,agent,0.0,358
1,0,2,HIGH,NEW,LOW,12636.955,311.0,315.0,1,11160.0,0.8928571428571429,agent,11160.0,359
0,1,2,LOW,RECURRING,LOW,1847.32,311.0,311.0,1,3000.0,0.8928571428571429,agent,0.0,359
0,1,0,LOW,NEW,LOW,1371.005,311.0,311.0,1,2125.0,0.8928571428571429,agent,0.0,360
0,2,1,LOW,RECURRING,LOW,2547.27,311.0,311.0,1,4800.0,0.8928571428571429,agent,0.0,361
0,1,2,LOW,NEW,LOW,3319.55,311.0,311.0,1,6000.0,0.8928571428571429,agent,0.0,361
0,0,2,HIGH,NEW,LOW,2652.43,311.0,311.0,1,5400.0,0.8928571428571429,agent,0.0,364
0,5,1,LOW,NEW,LOW,9060.295,311.0,311.0,1,16300.0,0.8928571428571429,agent,0.0,364
0,2,2,HIGH,RECURRING,LOW,1593.93,311.0,311.0,1,3000.0,0.8928571428571429,agent,0.0,364
0,0,2,HIGH,NEW,LOW,1835.155,311.0,311.0,1,3000.0,0.8928571428571429,agent,0.0,365
0,1,2,LOW,NEW,LOW,1633.79,311.0,311.0,1,3000.0,0.8928571428571429,agent,0.0,365
0,0,1,LOW,NEW,LOW,2916.01,311.0,311.0,1,4500.0,0.8928571428571429,agent,0.0,367
0,0,1,HIGH,NEW,LOW,7945.96,311.0,311.0,1,13500.0,0.8928571428571429,agent,0.0,369
1,1,0,LOW,RECURRING,LOW,15411.89,308.0,311.0,1,5950.0,0.8928571428571429,agent,5950.0,369
1,0,1,LOW,RECURRING,LOW,6235.31,307.0,308.0,1,2500.0,0.8928571428571429,agent,2500.0,371
1,3,0,LOW,RECURRING,LOW,6520.68,305.0,307.0,1,4250.0,0.8928571428571429,agent,4250.0,372
0,2,2,HIGH,NEW,LOW,3371.865,305.0,305.0,1,5400.0,0.8928571428571429,agent,0.0,373
0,1,2,HIGH,NEW,LOW,3996.585,305.0,305.0,1,9000.0,0.8928571428571429,agent,0.0,373
0,0,2,LOW,NEW,LOW,5932.315,305.0,305.0,1,13800.0,0.8928571428571429,agent,0.0,374
0,3,2,HIGH,RECURRING,LOW,7807.775,305.0,305.0,1,13800.0,0.8928571428571429,agent,0.0,376
0,2,2,HIGH,NEW,LOW,5292.92,305.0,305.0,1,11400.0,0.8928571428571429,agent,0.0,376
0,1,1,LOW,NEW,LOW,7303.855,305.0,305.0,1,12300.0,0.8928571428571429,agent,0.0,377
0,0,,HIGH,RECURRING,LOW,2623.53,305.0,305.0,0,0.0,0.8928571428571429,agent,0.0,378
0,1,2,HIGH,NEW,LOW,2414.445,305.0,305.0,1,5400.0,0.8928571428571429,agent,0.0,378
0,0,2,HIGH,NEW,LOW,6296.55,305.0,305.0,1,14400.0,0.8928571428571429,agent,0.0,380
0,1,2,LOW,NEW,LOW,3761.58,305.0,305.0,1,9000.0,0.8928571428571429,agent,0.0,380
0,2,2,HIGH,NEW,LOW,10835.46,305.0,305.0,1,19920.0,0.8928571428571429,agent,0.0,380
0,2,2,HIGH,RECURRING,LOW,8950.515,305.0,305.0,1,16560.0,0.8928571428571429,agent,0.0,382
0,1,2,HIGH,NEW,LOW,6650.655,305.0,305.0,1,14760.0,0.8928571428571429,agent,0.0,383
0,0,2,HIGH,NEW,LOW,4075.145,305.0,305.0,1,8400.0,0.8928571428571429,agent,0.0,383
0,0,2,LOW,RECURRING,LOW,3645.375,305.0,305.0,1,6000.0,0.8928571428571429,agent,0.0,384
0,2,,HIGH,RECURRING,LOW,2822.18,305.0,305.0,0,0.0,0.8928571428571429,agent,0.0,385
0,1,2,LOW,RECURRING,LOW,1363.015,305.0,305.0,1,3000.0,0.8928571428571429,agent,0.0,385
0,0,2,LOW,NEW,LOW,5121.47,305.0,305.0,1,8760.0,0.8928571428571429,agent,0.0,385
0,0,1,LOW,NEW,LOW,10046.475,305.0,305.0,1,16800.0,0.8928571428571429,agent,0.0,386
0,1,2,LOW,NEW,LOW,1263.645,305.0,305.0,1,3000.0,0.8928571428571429,agent,0.0,387
1,0,1,HIGH,NEW,LOW,8288.81,302.0,305.0,1,7300.0,0.8928571428571429,agent,7300.0,387
0,1,2,HIGH,RECURRING,LOW,4870.145,302.0,302.0,1,8400.0,0.8928571428571429,agent,0.0,388
1,0,2,HIGH,RECURRING,LOW,10474.865,300.0,302.0,1,5400.0,0.8928571428571429,agent,5400.0,389
0,1,2,LOW,NEW,LOW,1729.57,300.0,300.0,1,3000.0,0.8928571428571429,agent,0.0,390
0,4,2,LOW,NEW,LOW,1768.735,300.0,300.0,1,3000.0,0.8928571428571429,agent,0.0,391
0,5,2,HIGH,NEW,LOW,15390.765,300.0,300.0,1,16800.0,0.8928571428571429,agent,0.0,391
0,1,2,HIGH,RECURRING,LOW,3412.055,300.0,300.0,1,5760.0,0.8928571428571429,agent,0.0,393
0,4,0,LOW,RECURRING,LOW,3643.19,300.0,300.0,1,4250.0,0.8928571428571429,agent,0.0,394
0,3,2,HIGH,NEW,LOW,4103.85,300.0,300.0,1,8400.0,0.8928571428571429,agent,0.0,394
0,2,1,HIGH,NEW,LOW,2297.985,300.0,300.0,1,4500.0,0.8928571428571429,agent,0.0,394
0,1,2,LOW,NEW,LOW,6879.55,300.0,300.0,1,11520.0,0.8928571428571429,agent,0.0,394
0,3,1,LOW,NEW,LOW,2728.505,300.0,300.0,1,4500.0,0.8928571428571429,agent,0.0,396
0,0,,HIGH,RECURRING,LOW,1782.895,300.0,300.0,0,0.0,0.8928571428571429,agent,0.0,397
0,1,2,LOW,RECURRING,LOW,9828.61,300.0,300.0,1,17520.0,0.8928571428571429,agent,0.0,398
0,0,2,HIGH,NEW,LOW,7066.13,300.0,300.0,1,16920.0,0.8928571428571429,agent,0.0,398
0,0,2,LOW,RECURRING,LOW,3132.27,300.0,300.0,1,5400.0,0.8928571428571429,agent,0.0,399
0,1,1,HIGH,NEW,LOW,8380.77,300.0,300.0,1,11500.0,0.8928571428571429,agent,0.0,399
0,1,2,LOW,RECURRING,LOW,5355.63,300.0,300.0,1,11160.0,0.8928571428571429,agent,0.0,402
0,0,2,LOW,NEW,LOW,4839.495,300.0,300.0,1,8400.0,0.8928571428571429,agent,0.0,402
1,0,2,LOW,RECURRING,LOW,11106.105,297.0,300.0,1,8400.0,0.8928571428571429,agent,8400.0,403
0,1,0,HIGH,NEW,LOW,6874.26,297.0,297.0,1,8075.0,0.8928571428571429,agent,0.0,403
0,0,2,LOW,RECURRING,LOW,2961.875,297.0,297.0,1,6000.0,0.8928571428571429,agent,0.0,405
0,3,2,HIGH,NEW,LOW,3317.605,297.0,297.0,1,5760.0,0.8928571428571429,agent,0.0,406
0,2,2,LOW,RECURRING,LOW,6059.145,297.0,297.0,1,11400.0,0.8928571428571429,agent,0.0,406
0,0,2,LOW,NEW,LOW,4841.235,297.0,297.0,1,11160.0,0.8928571428571429,agent,0.0,406
0,0,1,LOW,RECURRING,LOW,6277.545,297.0,297.0,1,15000.0,0.8928571428571429,agent,0.0,409
0,3,1,HIGH,NEW,LOW,1508.795,297.0,297.0,1,2500.0,0.8928571428571429,agent,0.0,411
0,1,1,LOW,NEW,LOW,3957.315,297.0,297.0,1,7000.0,0.8928571428571429,agent,0.0,412
0,0,2,HIGH,NEW,LOW,3261.375,297.0,297.0,1,5760.0,0.8928571428571429,agent,0.0,412
0,0,1,LOW,NEW,LOW,14825.65,297.0,297.0,1,25800.0,0.8928571428571429,agent,0.0,413
0,1,2,LOW,RECURRING,LOW,4704.395,297.0,297.0,1,8760.0,0.8928571428571429,agent,0.0,413
0,0,1,LOW,RECURRING,LOW,4713.955,297.0,297.0,1,9300.0,0.8928571428571429,agent,0.0,415
0,1,2,LOW,NEW,LOW,4689.855,297.0,297.0,1,8760.0,0.8928571428571429,agent,0.0,415
1,2,2,LOW,NEW,LOW,11243.725,294.0,297.0,1,8760.0,0.8928571428571429,agent,8760.0,415
0,1,0,LOW,RECURRING,LOW,15373.92,294.0,294.0,1,16660.0,0.8928571428571429,agent,0.0,416
0,1,2,HIGH,NEW,LOW,2834.715,294.0,294.0,1,5760.0,0.8928571428571429,agent,0.0,417
0,2,1,LOW,NEW,LOW,5391.105,294.0,294.0,1,9600.0,0.8928571428571429,agent,0.0,419
0,0,2,LOW,RECURRING,LOW,1261.79,294.0,294.0,1,3000.0,0.8928571428571429,agent,0.0,419
0,1,1,LOW,NEW,LOW,5903.725,294.0,294.0,1,9300.0,0.8928571428571429,agent,0.0,419
0,0,2,LOW,RECURRING,LOW,1660.15,294.0,294.0,1,3000.0,0.8928571428571429,agent,0.0,422
0,1,2,LOW,RECURRING,LOW,3851.975,294.0,294.0,1,8760.0,0.8928571428571429,agent,0.0,425
0,3,0,LOW,RECURRING,LOW,4240.945,294.0,294.0,1,5950.0,0.8928571428571429,agent,0.0,425
0,0,,HIGH,RECURRING,LOW,7070.36,294.0,294.0,0,0.0,0.8928571428571429,agent,0.0,426
0,1,2,LOW,RECURRING,LOW,5166.1,294.0,294.0,1,10800.0,0.8928571428571429,agent,0.0,426
0,1,2,LOW,NEW,LOW,6441.94,294.0,294.0,1,11160.0,0.8928571428571429,agent,0.0,428
1,0,0,LOW,RECURRING,LOW,11978.745,292.0,294.0,1,4250.0,0.8928571428571429,agent,4250.0,428
0,0,2,LOW,NEW,LOW,1523.12,292.0,292.0,1,3000.0,0.8928571428571429,agent,0.0,429
0,5,2,LOW,NEW,LOW,2867.51,292.0,292.0,1,5760.0,0.8928571428571429,agent,0.0,429
0,1,2,LOW,RECURRING,LOW,7975.735,292.0,292.0,1,14760.0,0.8928571428571429,agent,0.0,429
0,1,2,HIGH,NEW,LOW,4094.075,292.0,292.0,1,8400.0,0.8928571428571429,agent,0.0,430
0,0,2,HIGH,NEW,LOW,1290.725,292.0,292.0,1,3000.0,0.8928571428571429,agent,0.0,430
0,5,1,LOW,NEW,LOW,1670.705,292.0,292.0,1,2500.0,0.8928571428571429,agent,0.0,431
0,4,1,LOW,NEW,LOW,3653.025,292.0,292.0,1,7000.0,0.8928571428571429,agent,0.0,431
0,1,2,HIGH,RECURRING,LOW,9713.335,292.0,292.0,1,19800.0,0.8928571428571429,agent,0.0,431
1,0,0,LOW,RECURRING,LOW,7218.785,291.0,292.0,1,2125.0,0.8928571428571429,agent,2125.0,431
0,2,1,LOW,NEW,LOW,3441.425,291.0,291.0,1,4800.0,0.8928571428571429,agent,0.0,433
0,1,2,HIGH,RECURRING,LOW,19261.415,291.0,291.0,1,34440.0,0.8928571428571429,agent,0.0,433
0,1,2,HIGH,RECURRING,LOW,2824.385,291.0,291.0,1,6000.0,0.8928571428571429,agent,0.0,434
1,2,1,LOW,RECURRING,LOW,9627.465,290.0,291.0,1,2500.0,0.8928571428571429,agent,2500.0,436
1,0,1,LOW,NEW,LOW,10376.21,286.0,290.0,1,9500.0,0.8928571428571429,agent,9500.0,436
0,0,2,HIGH,NEW,LOW,4504.975,286.0,286.0,1,8400.0,0.8928571428571429,agent,0.0,439
0,1,2,HIGH,NEW,LOW,3608.64,286.0,286.0,1,8400.0,0.8928571428571429,agent,0.0,439
0,1,2,HIGH,NEW,LOW,5623.53,286.0,286.0,1,11520.0,0.8928571428571429,agent,0.0,440
0,3,2,HIGH,NEW,LOW,1579.225,286.0,286.0,1,3000.0,0.8928571428571429,agent,0.0,440
0,3,2,LOW,NEW,LOW,5787.205,286.0,286.0,1,10800.0,0.8928571428571429,agent,0.0,441
0,0,2,LOW,NEW,LOW,1840.335,286.0,286.0,1,3000.0,0.8928571428571429,agent,0.0,442
0,3,1,LOW,RECURRING,LOW,9906.235,286.0,286.0,1,14500.0,0.8928571428571429,agent,0.0,443
0,0,2,HIGH,NEW,LOW,8764.32,286.0,286.0,1,19560.0,0.8928571428571429,agent,0.0,444
0,1,2,LOW,NEW,LOW,3965.745,286.0,286.0,1,8400.0,0.8928571428571429,agent,0.0,445
0,0,2,LOW,NEW,LOW,23859.0,286.0,286.0,1,36720.0,0.8928571428571429,agent,0.0,445
0,5,0,LOW,RECURRING,LOW,3707.87,286.0,286.0,1,4250.0,0.8928571428571429,agent,0.0,445
0,3,2,LOW,RECURRING,LOW,9137.375,286.0,286.0,1,19200.0,0.8928571428571429,agent,0.0,445
0,0,1,LOW,RECURRING,LOW,7280.925,286.0,286.0,1,14100.0,0.8928571428571429,agent,0.0,446
1,2,2,LOW,RECURRING,LOW,13099.87,282.0,286.0,1,11760.0,0.8928571428571429,agent,11760.0,446
0,0,2,LOW,NEW,LOW,2612.92,282.0,282.0,1,6000.0,0.8928571428571429,agent,0.0,447
0,2,2,HIGH,RECURRING,LOW,4658.985,282.0,282.0,1,8400.0,0.8928571428571429,agent,0.0,448
0,1,2,HIGH,NEW,LOW,4132.075,282.0,282.0,1,9000.0,0.8928571428571429,agent,0.0,448
0,1,2,HIGH,RECURRING,LOW,3324.31,282.0,282.0,1,6000.0,0.8928571428571429,agent,0.0,449
0,1,1,LOW,RECURRING,LOW,8787.075,282.0,282.0,1,11800.0,0.8928571428571429,agent,0.0,450
0,0,2,LOW,NEW,LOW,3605.735,282.0,282.0,1,6000.0,0.8928571428571429,agent,0.0,452
1,4,2,HIGH,NEW,LOW,9570.455,279.0,282.0,1,8760.0,0.8928571428571429,agent,8760.0,452
0,0,2,HIGH,NEW,LOW,7218.235,279.0,279.0,1,16560.0,0.8928571428571429,agent,0.0,453
0,2,,HIGH,RECURRING,LOW,1432.005,279.0,279.0,0,0.0,0.8928571428571429,agent,0.0,453
0,1,2,LOW,RECURRING,LOW,1592.65,279.0,279.0,1,3000.0,0.8928571428571429,agent,0.0,453
0,0,2,LOW,NEW,LOW,7476.695,279.0,279.0,1,17160.0,0.8928571428571429,agent,0.0,454
0,0,2,HIGH,NEW,LOW,5410.53,279.0,279.0,1,11760.0,0.8928571428571429,agent,0.0,455
0,2,2,HIGH,NEW,LOW,8947.48,279.0,279.0,1,19920.0,0.8928571428571429,agent,0.0,456
0,3,2,LOW,RECURRING,LOW,3760.355,279.0,279.0,1,9000.0,0.8928571428571429,agent,0.0,456
0,1,2,HIGH,NEW,LOW,1417.685,279.0,279.0,1,3000.0,0.8928571428571429,agent,0.0,457
0,1,2,HIGH,RECURRING,LOW,1267.8,279.0,279.0,1,3000.0,0.8928571428571429,agent,0.0,458
0,2,2,HIGH,NEW,LOW,2552.92,279.0,279.0,1,5760.0,0.8928571428571429,agent,0.0,459
0,0,2,LOW,RECURRING,LOW,5717.355,279.0,279.0,1,11160.0,0.8928571428571429,agent,0.0,460
0,4,0,LOW,RECURRING,LOW,5510.205,279.0,279.0,1,8330.0,0.8928571428571429,agent,0.0,461
0,5,2,LOW,RECURRING,LOW,4307.07,279.0,279.0,1,8400.0,0.8928571428571429,agent,0.0,461
0,0,2,LOW,NEW,LOW,2306.815,279.0,279.0,1,5400.0,0.8928571428571429,agent,0.0,461
0,2,2,LOW,RECURRING,LOW,8715.255,279.0,279.0,1,17160.0,0.8928571428571429,agent,0.0,462
0,0,1,LOW,NEW,LOW,15468.725,279.0,279.0,1,21300.0,0.8928571428571429,agent,0.0,463
0,3,2,LOW,RECURRING,LOW,3220.385,279.0,279.0,1,5400.0,0.8928571428571429,agent,0.0,464
0,0,2,LOW,RECURRING,LOW,6100.455,279.0,279.0,1,11160.0,0.8928571428571429,agent,0.0,464
0,2,2,HIGH,NEW,LOW,5032.01,279.0,279.0,1,9000.0,0.8928571428571429,agent,0.0,465
1,3,2,HIGH,NEW,LOW,9387.4,276.0,279.0,1,8760.0,0.8928571428571429,agent,8760.0,466
0,2,0,LOW,NEW,LOW,7051.3,276.0,276.0,1,8330.0,0.8928571428571429,agent,0.0,466
0,1,2,LOW,NEW,LOW,1309.055,276.0,276.0,1,3000.0,0.8928571428571429,agent,0.0,466
0,2,0,LOW,RECURRING,LOW,2759.755,276.0,276.0,1,3825.0,0.8928571428571429,agent,0.0,467
0,1,1,LOW,NEW,LOW,7297.245,276.0,276.0,1,9800.0,0.8928571428571429,agent,0.0,467
0,0,,HIGH,RECURRING,LOW,1719.995,276.0,276.0,0,0.0,0.8928571428571429,agent,0.0,467
0,3,2,LOW,RECURRING,LOW,3176.555,276.0,276.0,1,5760.0,0.8928571428571429,agent,0.0,469
0,0,2,LOW,NEW,LOW,4995.14,276.0,276.0,1,8400.0,0.8928571428571429,agent,0.0,469
0,2,,HIGH,RECURRING,LOW,1686.005,276.0,276.0,0,0.0,0.8928571428571429,agent,0.0,469
0,0,2,LOW,RECURRING,LOW,1461.225,276.0,276.0,1,3000.0,0.8928571428571429,agent,0.0,470
0,2,2,LOW,RECURRING,LOW,1777.025,276.0,276.0,1,3000.0,0.8928571428571429,agent,0.0,470
0,0,2,LOW,RECURRING,LOW,7054.31,276.0,276.0,1,11760.0,0.8928571428571429,agent,0.0,472
1,1,2,HIGH,NEW,LOW,6756.12,274.0,276.0,1,6000.0,0.8928571428571429,agent,6000.0,472
0,2,2,LOW,NEW,LOW,10059.51,274.0,274.0,1,19920.0,0.8928571428571429,agent,0.0,477
0,3,1,LOW,NEW,LOW,8251.535,274.0,274.0,1,12000.0,0.8928571428571429,agent,0.0,477
0,1,2,HIGH,NEW,LOW,5257.82,274.0,274.0,1,11520.0,0.8928571428571429,agent,0.0,477
0,2,0,LOW,RECURRING,LOW,3753.515,274.0,274.0,1,6205.0,0.8928571428571429,agent,0.0,478
0,0,1,LOW,RECURRING,LOW,1517.14,274.0,274.0,1,2500.0,0.8928571428571429,agent,0.0,479
0,2,0,LOW,NEW,LOW,7915.34,274.0,274.0,1,9775.0,0.8928571428571429,agent,0.0,481
0,0,2,HIGH,RECURRING,LOW,6017.805,274.0,274.0,1,14160.0,0.8928571428571429,agent,0.0,481
0,2,1,LOW,RECURRING,LOW,4297.055,274.0,274.0,1,7500.0,0.8928571428571429,agent,0.0,482
1,2,2,HIGH,NEW,LOW,15170.65,272.0,274.0,1,5760.0,0.8928571428571429,agent,5760.0,483
0,3,2,HIGH,RECURRING,LOW,10697.045,272.0,272.0,1,13800.0,0.8928571428571429,agent,0.0,483
0,1,1,LOW,NEW,LOW,2645.525,272.0,272.0,1,4800.0,0.8928571428571429,agent,0.0,483
0,0,2,HIGH,RECURRING,LOW,6956.265,272.0,272.0,1,11520.0,0.8928571428571429,agent,0.0,484
0,1,2,LOW,RECURRING,LOW,5563.785,272.0,272.0,1,11160.0,0.8928571428571429,agent,0.0,484
0,3,2,HIGH,RECURRING,LOW,11831.695,272.0,272.0,1,14400.0,0.8928571428571429,agent,0.0,485
1,0,2,HIGH,NEW,LOW,6576.71,271.0,272.0,1,3000.0,0.8928571428571429,agent,3000.0,486
0,0,1,LOW,NEW,LOW,3216.27,271.0,271.0,1,4500.0,0.8928571428571429,agent,0.0,487
0,1,1,LOW,NEW,LOW,8023.95,271.0,271.0,1,14600.0,0.8928571428571429,agent,0.0,488
0,0,2,LOW,RECURRING,LOW,5896.66,271.0,271.0,1,11760.0,0.8928571428571429,agent,0.0,488
0,3,2,HIGH,NEW,LOW,1575.44,271.0,271.0,1,3000.0,0.8928571428571429,agent,0.0,488
0,1,2,LOW,NEW,LOW,8154.185,271.0,271.0,1,8400.0,0.8928571428571429,agent,0.0,490
0,0,2,LOW,NEW,LOW,2807.325,271.0,271.0,1,5760.0,0.8928571428571429,agent,0.0,490
0,1,2,LOW,RECURRING,LOW,1506.91,271.0,271.0,1,3000.0,0.8928571428571429,agent,0.0,491
0,3,2,HIGH,RECURRING,LOW,1290.83,271.0,271.0,1,3000.0,0.8928571428571429,agent,0.0,492
0,0,2,LOW,RECURRING,LOW,1433.185,271.0,271.0,1,3000.0,0.8928571428571429,agent,0.0,492
0,3,2,LOW,NEW,LOW,5834.56,271.0,271.0,1,11520.0,0.8928571428571429,agent,0.0,493
0,0,2,HIGH,NEW,LOW,8848.465,271.0,271.0,1,11160.0,0.8928571428571429,agent,0.0,493
0,0,1,LOW,RECURRING,LOW,1491.1,271.0,271.0,1,2500.0,0.8928571428571429,agent,0.0,494
0,2,,HIGH,RECURRING,LOW,4815.455,271.0,271.0,0,0.0,0.8928571428571429,agent,0.0,494
0,1,1,LOW,NEW,LOW,4637.28,271.0,271.0,1,7000.0,0.8928571428571429,agent,0.0,495
0,1,2,LOW,NEW,LOW,5265.085,271.0,271.0,1,11760.0,0.8928571428571429,agent,0.0,496
0,0,2,LOW,NEW,LOW,5388.66,271.0,271.0,1,8760.0,0.8928571428571429,agent,0.0,496
0,2,1,LOW,RECURRING,LOW,3368.735,271.0,271.0,1,4800.0,0.8928571428571429,agent,0.0,497
0,1,1,HIGH,NEW,LOW,10689.855,271.0,271.0,1,14500.0,0.8928571428571429,agent,0.0,497
0,0,,HIGH,NEW,LOW,13656.945,271.0,271.0,0,0.0,0.8928571428571429,agent,0.0,498
0,0,2,HIGH,RECURRING,LOW,4770.015,271.0,271.0,1,8400.0,0.8928571428571429,agent,0.0,499
0,2,1,LOW,NEW,LOW,8250.375,271.0,271.0,1,13800.0,0.8928571428571429,agent,0.0,499
0,1,2,HIGH,NEW,LOW,12463.265,271.0,271.0,1,29160.0,0.8928571428571429,agent,0.0,499
0,0,2,LOW,RECURRING,LOW,1407.545,271.0,271.0,1,3000.0,0.8928571428571429,agent,0.0,500
0,3,2,LOW,NEW,LOW,3261.145,271.0,271.0,1,5760.0,0.8928571428571429,agent,0.0,500
0,1,0,LOW,RECURRING,LOW,7033.45,271.0,271.0,1,9775.0,0.8928571428571429,agent,0.0,501
0,5,2,LOW,NEW,LOW,6644.215,271.0,271.0,1,14760.0,0.8928571428571429,agent,0.0,501
0,2,1,LOW,NEW,LOW,3687.595,271.0,271.0,1,7000.0,0.8928571428571429,agent,0.0,501
0,0,2,LOW,RECURRING,LOW,8106.555,271.0,271.0,1,9000.0,0.8928571428571429,agent,0.0,501
0,3,1,LOW,NEW,LOW,2590.755,271.0,271.0,1,4800.0,0.8928571428571429,agent,0.0,501
1,2,0,LOW,RECURRING,LOW,10244.985,267.0,271.0,1,8075.0,0.8928571428571429,agent,8075.0,503
